,gbm1,gbm2,gbm3,gbm4,gbm5
7812,1,2,2,2,2
3505,1,1,1,1,1
4210,2,2,2,2,2
7949,1,1,1,1,1
1439,2,1,1,1,1
2240,1,1,1,1,1
498,1,1,1,1,1
1892,2,2,2,2,2
5440,1,1,1,1,1
1657,1,1,2,1,2
3998,1,1,1,1,1
4532,1,2,2,2,1
7571,0,0,0,0,0
4456,2,2,2,2,2
1500,0,0,0,0,0
3974,2,2,2,2,2
3497,1,2,2,1,1
4645,1,1,1,1,1
2538,0,0,0,0,0
711,1,1,1,1,1
5646,1,2,2,2,2
1406,1,1,1,1,1
2425,1,1,1,1,1
5,1,0,0,0,0
5725,1,1,1,1,1
9558,1,1,1,1,1
1160,1,1,1,1,1
7757,1,1,1,1,1
3378,1,1,1,1,1
7637,2,2,2,2,2
9920,1,1,1,1,1
4495,0,0,0,0,0
9165,1,2,2,2,2
4678,2,1,1,1,1
8764,2,1,1,1,1
422,1,1,1,1,1
1311,1,1,1,1,1
7276,0,1,0,0,0
3850,1,1,1,1,1
2160,1,1,1,1,1
10304,1,1,1,1,1
797,1,1,1,1,1
3297,1,1,1,1,1
6896,1,1,1,1,1
2175,1,1,1,1,1
97,1,2,2,2,2
5424,1,1,1,1,1
6557,0,0,0,0,0
4918,1,1,1,1,1
5181,0,0,0,0,0
9320,1,1,1,1,1
1261,1,1,1,2,2
9762,1,1,1,1,1
432,0,0,0,0,0
1791,0,0,0,0,0
4187,1,2,1,1,1
5912,1,1,1,1,1
5310,1,1,1,1,1
10233,2,2,2,2,2
638,1,1,1,1,2
5623,1,1,1,1,1
8520,1,1,1,1,1
4820,1,1,1,1,1
3367,1,2,2,2,2
5063,1,1,1,1,1
9524,2,2,2,2,2
1274,1,1,1,1,1
2119,2,2,2,2,2
794,1,1,1,1,1
3970,1,1,2,1,1
5644,1,1,1,1,1
1277,2,1,1,1,1
8008,1,1,1,1,1
3444,0,0,0,0,0
110,1,1,1,1,1
865,1,1,1,1,1
3123,1,2,2,2,2
4980,1,2,1,1,1
291,2,1,0,0,0
2484,1,2,1,2,1
5046,1,1,1,1,1
4011,1,1,1,1,1
7737,1,1,2,1,1
5785,1,1,1,1,1
1339,1,1,1,1,1
2101,0,0,0,0,0
9603,2,2,2,2,1
3844,0,0,0,0,0
7334,1,1,1,1,1
6676,0,0,0,0,0
2977,1,1,1,1,2
9998,1,2,2,1,1
1976,1,1,1,1,1
2985,1,1,1,1,1
3557,1,1,1,1,1
2262,1,1,1,1,1
488,1,1,1,1,2
6716,0,0,0,0,0
5893,1,1,1,1,1
4248,1,1,1,1,1
5144,1,1,1,1,1
6007,1,2,1,1,1
7272,1,1,2,2,2
7441,2,1,1,1,1
1047,1,1,1,1,1
2253,1,1,1,1,1
4154,1,1,1,1,1
2742,1,1,1,1,1
7490,1,1,1,1,1
529,1,1,1,1,1
9662,1,1,1,1,1
3141,1,1,1,1,1
3289,1,1,1,1,1
4489,1,1,1,1,1
1338,1,1,1,1,1
9351,1,1,1,1,2
7534,1,2,2,2,1
10109,1,1,1,1,1
1757,1,1,1,1,1
6168,1,1,1,1,1
8396,1,1,1,1,1
8176,1,1,1,1,1
9144,1,1,1,1,1
5902,1,2,1,1,1
1270,1,1,1,1,1
8056,2,2,2,2,1
4898,1,1,1,1,1
2753,1,1,1,1,1
7603,1,1,1,1,1
8101,1,1,1,1,1
8549,2,2,2,2,1
4168,1,1,1,1,1
731,1,1,1,1,1
1794,1,1,1,1,1
3993,1,1,1,2,1
9797,0,0,0,0,0
6477,1,1,1,1,1
5128,2,2,2,2,2
4295,0,0,0,0,0
6568,1,1,1,1,2
10071,1,1,1,1,1
7252,1,2,1,1,1
1554,0,0,0,0,0
2026,1,1,1,2,2
700,1,1,1,1,1
8268,0,0,0,0,0
4416,0,0,0,0,0
1432,1,1,1,1,1
505,1,1,1,1,1
1710,1,1,1,1,1
7703,1,1,1,1,1
2946,0,0,0,0,0
5051,1,2,2,2,1
7226,1,2,1,1,1
7699,1,1,1,1,1
6242,0,0,0,0,0
2213,0,0,0,0,0
2762,1,2,2,2,1
3248,1,1,1,1,1
6019,1,1,1,1,1
1986,1,1,1,1,1
105,1,2,2,2,2
7601,1,1,1,1,1
8561,1,2,2,2,1
3667,2,2,2,2,2
6281,1,1,1,1,1
8305,1,1,1,1,1
7939,1,2,1,1,1
663,1,1,1,1,2
19,0,0,0,0,0
7130,2,1,1,1,1
8921,1,1,1,1,1
4345,1,2,2,2,2
5178,2,1,1,1,1
6378,2,1,1,1,1
2187,0,0,0,0,0
9383,1,1,2,1,1
10125,1,1,1,1,1
2683,1,1,1,1,1
7953,0,1,0,0,1
7318,1,1,1,1,1
10194,1,1,1,1,1
5891,1,1,1,1,1
3485,2,1,1,1,1
8000,1,1,1,1,1
5743,1,1,1,1,1
6607,0,0,0,0,0
6639,1,2,2,2,2
5906,1,1,1,1,1
2073,1,1,2,1,2
9535,1,1,1,1,1
6352,2,2,2,1,2
4022,1,1,1,1,1
9962,2,2,1,1,2
6365,1,1,2,1,1
9386,0,2,2,2,2
7880,1,1,1,1,1
821,1,1,1,1,1
5874,1,2,2,2,1
8512,1,1,1,1,1
2897,1,1,1,1,1
5976,1,1,1,1,1
9228,2,1,1,1,1
4298,1,1,1,1,1
3473,1,1,1,1,1
5629,1,1,1,1,1
7482,1,2,1,1,1
698,0,0,0,0,0
9613,2,2,2,2,2
3828,1,1,1,1,1
6337,1,1,1,1,1
2434,0,1,1,1,1
1206,0,0,0,0,0
2923,1,1,1,1,1
3269,2,2,2,2,1
1273,2,2,2,2,1
2067,1,2,2,2,1
8007,1,1,1,1,1
100,1,1,1,1,1
3335,1,2,1,1,1
7567,1,1,1,1,2
7761,1,1,1,2,1
3942,1,1,1,1,2
5670,1,1,1,1,1
9738,1,1,1,1,1
3637,1,1,1,1,1
6041,1,1,1,1,1
10290,1,1,1,1,1
5057,1,1,1,1,1
1654,1,2,2,1,2
10012,1,1,1,2,1
4711,1,1,1,1,1
166,0,0,0,0,0
5169,1,1,1,1,1
5685,1,1,1,1,1
8143,1,2,1,1,1
2277,1,1,1,1,1
8802,1,1,1,1,1
7801,1,1,1,1,1
5971,0,0,0,0,0
1322,1,1,1,1,1
6066,1,1,1,1,2
275,1,2,2,1,1
6253,1,1,1,1,1
2536,1,1,1,1,1
8453,1,1,1,1,1
8400,1,1,1,1,1
8659,1,1,1,1,1
8145,1,1,2,1,2
5147,2,2,2,2,2
2621,1,1,1,1,1
5269,1,1,1,1,1
9650,0,0,0,0,0
2332,1,1,1,1,1
6846,1,1,1,1,1
2665,2,1,1,1,1
3062,1,1,1,1,1
625,1,1,1,1,1
8371,1,1,1,1,1
6613,0,0,0,0,0
406,1,1,2,2,1
9447,0,0,0,0,0
6295,2,2,2,2,2
2304,1,1,1,1,1
2153,1,2,2,2,2
7395,1,1,1,1,1
5497,1,1,1,1,1
8174,1,1,1,1,1
9019,1,1,1,1,1
7951,1,1,1,1,1
7322,1,2,1,2,2
2210,1,2,2,2,2
8299,1,1,1,1,1
9637,1,1,1,1,1
6199,1,1,1,1,2
9103,2,2,2,1,2
7999,1,1,1,1,1
8421,1,1,1,1,1
7791,0,0,0,0,0
3917,1,1,1,2,2
4994,1,2,2,2,1
9616,2,2,2,2,2
4959,2,2,2,2,2
2321,1,1,1,1,2
9468,1,1,1,1,1
380,1,1,1,1,1
5477,1,2,1,1,1
6121,2,2,2,2,2
1809,2,1,2,1,2
2639,1,1,1,1,1
8275,0,2,0,0,0
4140,1,1,1,1,1
6472,1,1,1,1,1
6156,1,2,2,1,2
9400,2,2,2,2,2
9042,1,1,1,1,1
3479,1,1,1,1,1
1054,1,2,2,2,2
8633,1,1,1,2,1
3242,1,1,1,1,1
7702,1,1,1,1,2
10295,1,1,1,1,1
5275,1,2,2,1,2
10136,2,1,1,1,1
6070,1,1,1,1,1
8464,0,0,0,0,0
8865,2,1,1,1,2
7326,1,1,1,1,1
6364,2,0,2,2,0
9457,1,1,1,1,1
8537,1,2,2,2,2
10138,0,0,0,0,0
2644,1,1,1,1,1
2052,0,0,0,0,0
3436,1,1,1,1,1
9604,1,1,1,1,1
4213,2,2,2,1,1
7551,2,2,2,2,2
239,1,1,1,1,1
2716,0,0,0,0,0
3288,1,1,1,1,1
8278,2,2,2,2,2
592,1,1,1,1,1
692,1,1,1,1,1
9118,1,1,1,1,1
7002,2,2,2,2,2
2872,1,1,1,1,1
990,0,0,0,0,0
8373,2,1,1,1,1
5210,0,0,0,0,0
5935,1,1,1,1,1
5957,1,1,1,1,1
4817,2,2,2,1,1
5156,1,2,2,2,1
7931,2,1,2,2,2
613,1,1,1,1,1
1476,1,1,2,2,1
1869,1,1,1,1,1
799,2,2,2,2,2
6126,1,1,1,1,1
7622,2,2,2,2,2
6122,1,1,1,1,1
6182,2,2,1,2,2
8467,1,1,1,1,1
10160,1,1,1,1,1
3908,1,1,1,1,1
4066,1,1,1,1,1
8750,1,1,1,1,1
1891,1,1,1,1,1
6724,0,0,0,0,0
8424,1,1,1,1,1
3064,1,1,1,1,1
9759,1,1,1,1,1
1444,1,1,1,1,1
2255,1,1,1,1,1
9684,1,1,1,1,1
7100,1,1,1,1,1
3728,2,2,2,2,2
7306,1,1,1,1,1
5212,1,1,1,1,1
7824,0,0,0,0,0
7147,1,1,2,1,1
3306,2,2,2,2,1
7794,2,2,1,2,2
8702,1,2,2,2,2
6962,1,1,1,1,1
298,1,1,1,1,1
9947,1,1,1,2,1
8389,1,1,1,1,1
10149,1,2,1,2,1
8295,2,1,1,1,1
2406,1,2,1,2,2
4373,1,1,1,1,1
851,1,1,1,1,1
8928,0,0,0,0,0
10103,1,1,1,1,1
4726,0,0,0,0,0
3131,2,1,1,1,1
6840,2,1,1,1,1
9803,2,2,2,2,2
5435,1,1,1,1,1
2986,1,1,1,1,1
3847,1,1,1,1,1
4892,1,1,1,1,1
9074,2,2,2,2,2
3029,2,2,2,2,2
2439,1,1,1,1,1
10042,1,1,1,1,1
9949,1,1,1,2,2
1280,1,1,1,1,1
7497,1,1,1,1,1
8812,1,1,1,1,1
4756,1,1,1,1,1
7747,1,1,1,1,1
1315,1,1,1,1,1
4907,1,1,1,1,1
7734,0,0,0,0,0
4844,1,1,1,1,1
2271,1,1,1,1,1
2443,1,1,1,1,1
3860,1,1,1,1,1
7782,1,2,1,1,1
4061,1,1,1,1,1
8449,1,1,1,1,1
6259,0,0,0,0,0
6755,1,1,1,1,1
4330,1,2,2,1,1
4479,1,1,1,1,1
6079,1,1,1,1,1
1662,1,1,1,1,1
2260,0,0,0,0,0
1946,2,2,2,2,2
986,1,1,1,1,1
6384,1,1,1,1,1
513,1,1,1,1,1
10212,0,0,0,0,0
7916,1,1,1,1,1
187,1,1,1,1,1
574,1,1,1,1,1
6680,1,1,1,1,1
6032,1,2,1,2,1
7525,1,0,0,0,0
3502,1,1,1,1,1
3784,1,1,1,1,1
10308,1,1,1,1,1
9379,1,2,2,2,2
3663,2,2,2,2,2
927,1,1,1,1,2
2097,2,2,2,1,2
6995,1,1,1,1,1
4750,1,1,1,1,1
8406,2,1,1,1,1
5577,0,0,0,0,0
4860,1,1,1,1,1
3115,2,2,2,2,1
9398,1,1,1,1,1
4228,2,1,1,1,2
9847,2,1,1,1,1
1720,1,1,1,1,1
9402,1,1,1,1,1
1137,2,2,2,2,2
8748,1,1,1,1,1
1232,1,1,1,1,1
5613,1,1,1,1,1
1262,1,1,1,1,1
4697,0,0,0,0,0
6538,2,2,2,2,2
1814,1,1,1,1,1
3125,1,1,1,1,2
5330,1,2,2,1,2
7866,1,1,1,1,1
6987,1,1,1,1,1
6395,1,2,2,2,2
8738,1,1,1,1,1
9149,1,1,1,1,1
1041,1,2,1,1,1
2915,0,0,0,0,0
9284,1,1,2,2,2
1383,0,0,0,0,0
7465,1,1,1,1,1
2292,1,1,1,1,1
8619,1,1,1,1,1
3111,1,1,1,1,1
6976,1,1,1,1,1
1768,1,1,1,1,1
6072,1,1,1,1,1
3278,1,1,2,2,2
4308,1,1,1,1,2
1752,1,1,1,1,1
2789,1,1,1,1,1
3989,1,1,2,2,1
9668,1,1,1,1,1
9135,2,2,2,2,2
3858,1,1,1,1,1
7955,1,1,1,1,1
1370,1,1,1,1,1
8200,1,1,1,1,1
3699,1,1,1,1,1
596,1,1,1,1,1
8856,1,1,1,1,1
4950,1,1,1,1,1
8957,1,1,1,1,1
7173,1,1,1,1,1
2964,2,2,2,2,2
8279,2,2,2,2,2
3432,1,1,1,2,2
7979,1,2,1,2,2
10243,1,1,1,1,1
7415,1,1,1,1,1
8170,1,1,1,1,1
2617,1,1,1,1,1
1628,1,1,1,1,1
6424,1,1,1,1,1
3100,1,1,1,1,1
5149,1,1,2,1,1
1098,2,1,1,1,2
6265,1,1,1,1,1
7467,1,1,1,1,1
7180,1,1,1,1,1
9656,1,1,1,1,1
6133,1,1,1,1,1
8213,1,1,1,1,1
9201,1,1,1,1,1
9568,1,1,1,1,1
10265,1,1,1,1,1
9435,1,1,1,1,1
624,1,1,1,1,1
3017,0,0,0,0,0
46,1,1,1,1,1
1556,1,1,1,1,1
2350,1,1,1,1,1
9414,2,2,2,2,2
5161,2,2,2,2,2
6728,0,0,0,0,0
7046,1,1,1,1,1
9990,1,1,1,1,1
7084,1,1,1,1,1
3674,0,0,0,0,0
9799,1,1,1,1,1
3704,0,0,0,0,0
2056,1,1,1,1,1
3292,1,2,2,2,1
9449,2,2,2,2,2
5829,1,1,1,1,1
7508,1,2,2,2,1
4296,1,1,2,1,1
5278,1,1,1,1,1
618,1,1,1,1,1
4475,1,2,2,2,1
1531,2,2,2,2,2
3049,1,1,1,1,1
1079,1,1,1,1,1
8752,2,2,2,2,2
1171,2,1,1,1,1
2167,1,1,1,1,1
1683,1,1,1,1,1
6887,1,2,2,1,1
3192,1,1,1,1,1
803,1,1,1,1,1
8976,1,2,1,1,1
2447,1,1,1,1,2
10134,1,1,1,1,1
3846,1,1,1,1,1
5875,1,1,1,1,1
4874,2,2,2,2,2
9158,1,1,1,1,1
8413,2,2,1,2,2
508,1,1,1,1,1
7362,1,1,1,1,1
9600,0,0,0,0,0
1650,0,0,0,0,0
1660,2,1,1,1,1
7073,1,1,1,1,1
5802,1,1,1,1,1
394,1,2,2,2,1
1092,1,1,1,1,1
3649,1,1,1,1,1
8777,0,0,0,0,0
4449,1,1,1,1,1
4836,0,0,0,0,0
3883,1,1,1,1,1
3389,1,1,1,1,1
6487,2,1,1,2,2
644,0,0,0,0,0
2211,1,1,1,1,1
3093,2,1,1,1,1
6619,2,1,1,1,1
8608,2,2,1,1,1
9343,1,1,1,1,1
2776,1,1,1,1,1
9720,1,1,1,1,1
7033,1,1,1,1,1
4420,0,0,0,0,0
216,1,2,1,2,2
8743,2,2,2,2,2
1154,2,2,1,2,2
5072,1,1,1,1,1
3477,1,1,1,1,1
4136,2,1,1,1,1
7215,1,1,1,1,1
1521,0,2,0,0,0
1868,1,2,1,1,1
8547,2,1,1,1,2
28,1,2,2,2,2
9410,1,2,2,2,2
7129,1,1,1,1,1
4431,1,2,2,1,1
2397,1,1,1,1,1
7961,1,1,1,1,1
2788,1,1,1,1,1
4837,1,1,1,1,1
7877,2,2,2,2,2
5044,1,1,1,1,1
762,1,1,1,1,1
7529,2,2,2,2,2
2770,1,2,2,2,2
6031,1,1,1,1,1
5291,1,1,1,1,1
5482,0,0,0,0,0
4212,2,1,1,1,1
2913,1,1,1,1,1
5106,1,1,1,1,1
8657,2,2,2,2,2
4705,1,1,1,1,1
6695,1,1,1,1,1
1480,1,1,1,1,1
3596,2,1,1,1,1
3718,1,1,1,1,1
8412,1,1,1,1,1
2780,1,1,1,1,1
139,1,2,1,1,1
8415,1,1,2,1,1
9597,0,0,0,0,0
6636,1,1,1,1,1
573,1,1,1,1,1
3947,1,1,1,1,1
8018,1,1,1,1,1
10084,1,1,1,1,1
8962,1,2,1,1,1
1842,1,1,1,1,1
9380,1,1,1,1,1
7412,2,1,1,1,1
546,1,1,1,1,2
1084,1,1,1,1,1
4200,1,1,2,2,1
2871,0,2,2,0,2
2876,1,1,1,1,1
5065,2,2,2,2,1
4426,1,1,1,1,1
8869,1,1,1,1,1
7363,1,1,1,1,1
3157,1,1,1,1,1
430,1,1,1,1,1
6262,1,1,1,1,1
4422,1,1,1,1,1
5414,1,1,1,1,1
6503,1,1,1,1,1
8672,1,1,1,1,1
485,1,1,1,1,1
7143,2,2,2,2,2
2137,1,2,1,1,1
4184,1,1,1,1,1
1150,1,1,1,1,1
8710,1,1,1,1,1
2054,1,1,1,1,1
6602,1,1,1,1,1
7673,1,1,1,1,1
8895,1,1,1,1,1
8938,0,0,0,0,0
9043,0,0,0,0,0
3536,1,1,1,1,1
1920,1,1,1,1,2
2750,2,1,1,1,1
8965,1,1,1,1,1
963,1,1,1,1,1
8452,1,1,1,1,1
390,0,0,0,0,0
2527,1,2,2,2,1
8332,2,2,2,1,1
6912,2,2,1,2,2
959,1,1,1,1,1
4208,1,1,1,1,1
4039,1,1,1,1,1
6715,1,1,1,1,1
3348,1,1,1,1,1
3916,1,1,1,2,1
4440,1,2,2,1,1
4506,2,1,1,1,2
4878,1,1,1,1,1
4971,1,1,1,1,1
6713,1,1,1,1,1
2555,1,1,1,1,1
6274,1,1,1,1,1
2335,1,1,1,1,1
5110,2,2,2,1,1
2396,1,2,2,2,2
4999,1,1,2,2,2
9189,1,1,1,1,1
7282,1,2,2,2,2
3874,1,1,1,1,1
9146,0,2,1,2,2
4015,1,1,1,1,1
9193,1,1,1,1,1
7043,1,1,1,1,1
10297,2,1,2,1,2
4963,1,1,1,1,1
1632,1,1,1,1,1
7086,1,1,1,1,1
1599,2,1,1,2,1
1718,0,0,0,0,0
6244,0,0,0,0,0
8725,0,2,0,2,2
8695,0,0,0,0,0
9478,1,1,1,1,1
1604,2,2,2,2,2
9573,1,1,1,1,1
4713,1,2,2,2,2
7167,1,1,1,1,1
10324,1,1,1,1,1
1494,2,1,2,2,1
3619,1,1,1,1,1
6627,2,2,2,2,2
493,1,2,2,2,2
8021,1,1,1,1,1
9350,1,1,1,1,1
2049,1,1,1,1,1
7286,1,1,1,2,2
1534,1,1,1,1,1
2368,1,1,1,2,2
6332,1,1,1,1,1
7040,1,1,1,1,1
5751,1,1,1,1,1
6630,1,1,1,1,1
4050,0,0,0,0,0
6573,1,1,1,1,1
1246,1,2,2,2,2
8694,0,0,0,0,0
2302,0,0,0,0,0
1330,1,1,1,1,1
8294,1,1,1,1,1
966,0,0,0,0,0
7533,1,1,2,1,2
575,1,1,1,1,1
4669,1,1,1,1,1
8890,1,1,1,1,1
5028,1,2,2,2,1
674,1,1,1,1,1
2118,1,1,1,1,1
2829,1,1,1,1,1
7905,1,1,1,1,1
452,1,1,1,1,1
483,1,1,1,1,1
1416,1,1,1,1,1
9719,1,1,1,1,1
2769,1,1,1,1,1
4246,2,2,2,2,2
91,1,2,1,1,1
8402,0,0,0,0,0
4229,1,1,1,1,0
6897,1,2,1,2,1
3913,1,1,1,1,1
10232,1,1,1,1,1
5580,0,0,0,0,0
9185,2,2,2,1,1
5730,1,1,1,1,1
9104,1,1,1,1,1
6333,1,2,2,2,1
9552,1,2,2,2,1
6870,1,1,1,1,1
7313,1,1,1,1,2
7886,1,1,1,1,1
8978,1,1,1,1,1
3919,1,1,1,1,1
7527,1,1,1,1,1
5679,2,2,2,2,2
3382,1,1,1,1,1
10353,1,1,1,1,1
5825,1,2,2,2,1
3403,2,2,2,2,2
3038,1,1,1,1,1
4175,1,1,1,1,1
2215,1,2,2,1,1
7230,1,1,1,2,1
7489,1,1,1,1,1
8700,1,1,1,1,1
10293,2,2,2,2,2
2300,0,0,0,0,0
10183,1,1,1,1,1
4490,2,2,2,2,2
10126,1,1,1,1,1
2366,1,1,1,1,1
3658,1,1,1,1,1
9005,1,1,1,1,1
6594,1,1,1,1,1
2256,1,1,1,1,1
4754,1,2,2,2,2
9724,1,1,1,1,1
6942,1,1,1,1,1
4998,1,1,1,1,2
6531,2,1,2,2,2
1267,1,1,1,1,1
49,2,1,1,1,2
5735,1,1,1,1,1
1351,1,1,1,1,1
3077,1,1,1,1,1
7468,1,1,1,1,1
7957,0,0,0,0,0
3096,1,1,1,1,1
7728,1,1,1,1,1
1005,1,1,1,1,1
3606,1,1,1,1,1
9664,1,1,1,1,1
3231,1,1,1,1,1
131,0,0,0,0,0
5781,1,1,1,1,1
7224,1,1,1,1,1
5954,1,1,2,1,1
7696,0,0,0,0,0
6444,1,1,1,1,1
4584,1,1,1,1,1
9242,1,1,1,1,1
3543,1,1,1,1,1
2015,1,1,1,1,1
9853,1,1,1,1,1
8808,1,1,1,1,1
7700,1,1,2,2,2
7291,1,1,1,1,1
2901,1,1,1,1,1
691,1,1,1,1,1
377,1,1,1,1,1
2810,1,1,1,1,1
8703,1,1,1,1,1
2011,2,2,2,2,2
1897,1,1,1,1,1
7466,2,2,1,1,1
3903,1,1,1,1,1
7183,0,0,1,0,0
188,1,1,1,1,1
6497,1,1,1,1,1
222,2,2,2,2,2
5512,1,1,1,1,1
2159,1,1,1,1,1
4333,1,1,1,1,1
6116,2,2,2,2,2
4824,2,2,2,2,1
9892,1,2,1,1,1
5514,1,1,1,1,1
8428,1,1,1,1,1
6790,1,1,1,1,1
9373,1,1,1,1,1
10291,1,1,2,1,1
5166,1,1,1,1,1
3417,1,1,1,1,1
2007,1,1,1,1,1
4452,2,2,2,1,2
1166,1,2,2,1,1
4145,1,1,1,1,1
4679,2,2,2,2,2
4684,1,1,1,1,1
3819,1,1,1,1,1
7205,1,1,2,2,2
5847,1,1,1,1,1
1108,1,1,1,1,1
4501,2,1,1,1,1
8379,0,0,0,0,0
3833,0,0,0,0,0
74,1,1,1,1,1
6758,0,0,1,1,1
6586,1,1,1,1,1
7726,1,1,1,1,1
1350,1,1,1,1,1
4793,1,1,2,2,2
6933,1,1,1,1,1
7669,1,1,1,1,1
7725,1,2,2,1,1
2586,1,1,1,1,1
9011,1,1,1,1,1
6574,0,0,0,0,0
8405,2,2,1,2,2
5216,2,2,2,2,1
2850,1,1,1,1,1
2774,1,2,2,2,1
4768,2,2,2,2,2
8783,0,0,0,0,0
3274,1,1,1,1,1
426,1,1,1,1,1
6889,1,1,1,1,1
4924,1,1,1,1,1
8165,1,0,1,0,0
1057,1,1,1,1,1
2173,1,1,1,1,1
1727,1,1,1,1,1
2407,1,1,1,1,1
3245,1,1,1,1,1
1474,1,1,1,1,1
6201,1,2,2,2,2
1374,0,0,0,0,0
1651,1,1,1,1,1
8254,2,2,2,2,2
6998,1,1,1,1,1
3392,0,0,0,0,0
4638,1,1,1,1,1
6726,1,1,1,1,1
8709,1,2,1,2,2
658,1,1,1,1,1
795,0,0,0,0,0
8893,1,1,1,1,1
344,2,2,2,2,2
9334,1,1,1,1,1
3174,1,1,1,1,1
9266,0,0,0,0,0
10274,1,1,1,1,1
5541,1,1,1,1,1
4730,0,0,0,0,0
7428,2,1,2,2,2
9879,1,1,1,1,1
4358,1,1,1,1,1
4076,1,1,2,1,1
7376,1,2,1,2,1
2974,1,1,1,1,1
1579,1,1,1,1,1
1119,1,2,2,1,1
7245,1,1,1,1,1
5243,1,1,1,1,1
5669,1,1,1,1,1
869,1,1,1,1,1
9694,1,1,1,1,1
5697,2,1,1,1,2
7610,1,1,1,1,1
6340,1,1,1,1,1
5201,1,1,1,1,1
6017,1,1,1,1,1
476,1,1,1,1,1
2642,1,1,1,1,1
459,1,1,1,1,1
1113,1,1,1,1,1
9753,1,1,1,1,1
6166,1,1,1,1,1
2631,0,0,0,0,0
125,2,1,1,1,1
1233,0,0,0,0,0
8074,2,2,2,2,2
822,1,1,1,1,1
8175,0,0,0,0,0
9178,1,1,1,1,1
9733,2,2,2,2,2
4641,2,2,2,2,2
179,1,1,1,1,1
2907,2,2,2,2,2
7740,0,0,0,0,0
6117,1,1,1,1,1
5687,2,2,2,2,2
2190,1,1,1,1,1
6389,1,2,1,2,2
3304,1,2,2,2,2
8779,1,1,1,1,1
4423,1,1,1,1,1
4198,1,1,1,1,1
9700,1,2,2,2,2
375,1,1,1,1,1
2441,1,1,2,1,1
645,1,1,1,1,1
1606,1,1,1,1,1
1360,2,2,2,2,2
3298,1,1,1,1,1
8251,0,0,0,0,0
5428,1,1,1,1,1
4257,2,2,2,2,2
5049,1,1,1,1,1
4537,1,2,2,2,2
8583,1,1,1,1,1
551,1,1,1,1,1
9559,1,2,2,2,2
1750,1,1,1,1,1
5744,2,2,2,2,2
1162,1,1,1,1,1
6969,1,1,1,1,1
4403,1,1,1,1,1
3767,1,1,1,1,1
1837,1,1,1,1,1
2207,0,0,0,0,0
6492,1,1,1,1,1
6988,2,2,2,2,2
9875,1,2,1,1,1
9960,1,1,1,1,1
3040,1,1,2,2,2
7108,1,1,1,1,1
1753,1,2,2,1,2
5457,0,0,0,0,0
5760,1,1,1,1,2
6825,1,1,1,1,1
8216,2,2,2,1,1
3579,1,1,1,1,1
4996,1,1,1,1,1
1015,2,1,2,2,2
4828,1,1,1,1,2
10343,1,1,1,1,1
9396,1,1,1,1,1
7103,1,1,2,1,1
6448,2,2,2,2,2
2878,1,1,1,1,1
7037,1,1,1,1,1
5252,1,1,1,1,1
1738,1,1,1,1,2
668,1,1,1,1,1
2402,1,1,1,1,2
3387,1,2,2,1,2
5307,1,1,1,1,1
1285,1,1,1,1,1
8692,1,1,1,1,1
6091,1,0,1,1,1
995,1,1,1,1,1
5032,1,2,2,2,2
6708,1,2,1,1,1
6660,1,1,1,1,1
6414,1,1,1,1,1
587,1,1,1,1,1
8602,1,1,1,1,1
6652,0,0,0,0,0
6993,1,1,1,1,1
4270,2,2,2,2,2
4003,1,1,1,1,1
9150,1,1,1,2,1
10195,1,1,1,1,1
5807,2,2,2,2,2
3806,1,1,1,1,1
8466,1,1,1,1,1
8495,1,1,1,1,1
3246,1,1,1,1,1
838,1,1,1,1,1
5961,1,1,1,1,1
5582,0,0,0,0,0
1822,0,0,0,0,0
1805,0,0,0,0,0
272,1,1,1,1,1
2074,1,1,1,1,1
2564,1,1,1,1,1
4467,1,1,1,1,1
535,0,0,2,0,0
8529,0,0,0,0,0
1059,1,1,1,1,1
5793,2,1,1,1,1
9693,1,1,1,1,1
5101,1,1,1,1,1
2050,1,1,1,1,1
1647,1,1,1,1,1
1682,0,0,0,0,0
7027,1,1,1,1,1
5598,1,1,1,1,1
9120,1,1,1,1,1
4653,1,1,1,1,1
8622,0,0,0,0,0
7309,1,1,1,1,1
5894,1,1,1,1,1
3801,2,2,2,2,2
404,1,1,1,1,1
4818,1,1,1,1,1
10339,1,1,1,1,1
6278,1,1,1,1,1
6634,1,1,1,1,1
10202,1,1,1,1,1
1224,0,0,0,0,0
9744,1,1,1,1,1
7232,2,2,1,1,1
7559,1,1,1,1,1
8163,1,1,1,1,1
4611,1,1,1,1,1
9155,1,1,1,1,2
653,1,1,1,1,1
1900,0,0,0,0,0
7945,2,1,1,1,2
4761,2,2,2,2,2
3825,1,1,1,1,1
900,1,1,1,1,1
1336,1,2,1,2,1
4095,2,1,2,2,1
8587,1,1,1,1,1
9709,1,1,1,1,1
8731,1,2,2,2,2
616,2,1,1,1,1
7687,1,1,1,1,1
2139,1,2,2,2,2
1586,0,0,0,0,0
1025,1,2,1,2,2
9254,1,1,1,1,1
9041,2,2,2,2,2
4581,1,1,1,1,1
1486,1,2,2,1,1
4400,1,2,2,2,2
3345,2,2,2,2,2
9256,1,1,1,1,1
4648,1,2,2,2,2
3558,2,2,2,2,2
9796,1,1,1,1,1
9706,1,1,1,1,1
7204,1,1,1,1,1
8235,2,2,2,2,2
8804,1,1,1,1,1
8196,1,1,1,1,1
5069,0,0,0,0,0
9903,0,0,0,0,0
7344,1,1,1,1,1
4165,1,1,2,1,1
3447,2,2,2,2,2
10030,0,0,0,0,0
8463,1,1,1,1,1
5798,1,1,1,1,1
2274,2,1,2,2,2
3222,1,1,1,2,2
1035,2,2,2,2,2
2938,1,1,1,1,1
7131,1,1,1,1,1
3386,1,1,1,1,1
1381,0,0,0,0,0
5419,1,1,1,1,1
4182,1,1,1,1,1
1755,1,1,1,1,1
3766,1,1,1,1,1
9726,1,1,1,1,1
10,1,1,1,1,1
1771,1,1,1,1,1
2494,1,2,2,2,1
331,0,0,0,0,0
1916,1,2,2,2,1
4627,2,2,2,2,2
7274,1,1,1,1,1
569,1,1,1,1,1
5925,1,2,1,1,1
852,1,1,1,1,1
9062,1,1,1,1,1
10020,1,1,1,1,1
7432,1,1,1,1,1
1770,1,1,1,1,1
6985,2,1,1,1,1
7970,1,1,1,1,1
9852,2,1,1,1,1
197,1,1,1,1,1
9828,1,1,1,1,1
6189,1,1,1,1,1
7553,1,1,1,1,1
8477,1,1,1,1,1
9921,0,0,0,0,0
8792,1,1,1,1,1
8904,1,1,1,1,1
2479,1,1,1,1,1
3324,2,1,2,1,2
4031,1,2,2,2,2
3677,1,1,1,1,1
5035,1,1,1,1,1
1096,1,1,1,1,1
7179,1,1,1,1,1
3063,1,1,1,1,1
8630,1,2,1,2,1
4804,1,1,1,1,1
2064,1,1,1,1,1
909,1,1,1,1,1
9844,1,1,1,1,1
9780,2,2,1,1,1
186,1,1,1,1,1
182,2,2,2,1,2
6167,2,2,1,1,1
1091,1,2,2,2,1
8924,1,1,1,1,1
1173,1,2,2,2,1
8881,0,0,0,0,0
6649,1,1,1,1,1
3356,1,2,1,1,1
8356,2,2,2,1,2
3110,1,1,1,1,1
6884,1,1,1,1,1
10052,1,2,1,1,1
9358,2,2,2,2,2
2483,1,2,2,2,1
9894,2,1,1,1,1
860,1,1,1,1,1
7095,1,1,1,1,1
9767,1,1,1,1,1
8784,1,1,1,1,1
1875,1,2,2,2,2
218,1,1,1,1,1
5634,1,1,1,1,1
6400,1,1,1,1,1
2312,2,2,2,2,2
7283,1,1,1,1,2
8712,1,1,1,1,1
6546,2,2,2,2,2
1956,1,1,1,1,1
215,1,1,1,1,1
7765,2,2,2,2,2
178,1,1,1,1,1
3498,1,1,1,1,1
887,1,1,1,1,1
9326,1,1,1,1,1
8876,1,1,1,1,1
1619,1,1,2,1,1
10150,1,2,2,1,1
9493,2,2,2,2,2
1993,1,1,2,2,2
9691,1,1,1,1,1
8049,1,1,1,1,1
1653,1,1,1,1,1
4516,1,1,1,1,1
3013,1,1,1,1,1
5945,1,1,1,1,1
8964,1,2,2,2,2
7339,1,1,1,1,1
9695,2,2,2,2,1
4762,1,1,1,1,1
9370,1,1,1,1,1
7109,1,1,1,1,1
8789,1,1,1,1,1
6915,1,1,1,1,1
1428,1,1,1,1,1
5033,1,2,1,2,2
2216,1,1,1,1,1
2334,1,1,2,1,2
1879,1,1,1,1,1
4106,1,1,1,1,1
2761,1,1,1,1,1
1368,0,0,0,0,0
2966,1,2,2,2,2
231,1,2,1,1,1
4017,1,2,1,2,1
7735,1,1,1,1,1
1094,1,1,1,1,1
1297,0,0,0,0,0
5135,2,1,1,1,1
321,1,1,2,1,1
5736,1,1,1,1,1
4480,2,2,2,2,2
7629,1,2,2,2,2
1234,1,1,1,1,1
7805,2,2,2,2,2
3973,0,0,0,0,0
8742,2,2,2,2,2
4901,2,1,1,1,1
5625,0,0,0,0,0
1244,1,1,1,1,1
9340,1,1,1,1,1
5778,1,1,1,1,2
8892,1,1,1,1,1
7797,0,0,0,0,0
7539,2,2,2,2,1
32,0,0,0,0,0
5490,1,1,1,1,1
7594,2,2,2,2,2
251,1,1,1,1,1
7884,2,2,2,2,2
6762,1,1,1,1,1
10341,1,1,1,1,1
7708,1,1,1,1,1
2530,1,1,1,1,1
129,1,1,1,1,1
7564,1,1,1,1,1
1276,2,2,2,2,2
7473,1,1,1,1,1
4686,1,1,1,1,1
9841,0,0,0,0,0
7404,1,1,1,1,1
3979,2,2,2,2,1
5560,1,1,1,1,1
8106,1,1,1,1,1
1423,1,1,1,1,1
157,0,0,0,0,0
2908,2,2,1,2,1
10335,1,1,1,1,1
5271,1,1,1,1,1
2490,0,0,0,0,0
2571,1,1,1,1,1
4868,2,1,1,1,1
7004,1,1,1,1,1
1323,1,1,1,1,1
2165,1,2,2,2,2
5200,1,1,1,1,1
9353,1,1,1,1,1
6526,2,2,2,2,2
2263,1,1,1,1,1
8044,1,1,1,1,1
5752,2,1,1,1,2
10200,1,1,1,1,1
7328,1,2,1,1,1
1515,1,1,1,1,1
8581,1,1,1,1,1
6701,1,1,1,1,1
276,1,1,1,1,1
3019,0,0,0,0,0
8031,1,1,1,1,1
10263,1,1,1,1,1
579,1,2,2,2,2
4231,1,1,1,1,1
9099,1,1,1,1,1
8553,1,1,1,1,1
7614,1,1,1,1,1
1724,1,1,1,1,1
307,1,1,1,1,1
4265,0,0,0,0,0
3965,1,1,1,1,1
9817,2,2,2,2,1
7121,1,1,1,1,1
283,1,1,1,1,1
7562,1,1,1,1,1
9026,1,1,1,1,1
5680,2,1,1,1,2
3400,1,1,1,1,1
5151,1,1,1,1,1
8914,2,2,2,2,2
7589,1,1,1,1,1
2408,2,1,1,1,2
410,1,1,1,1,1
7343,1,1,1,1,1
6761,1,1,1,1,1
2640,1,1,1,1,1
7209,1,1,1,1,1
6693,1,2,1,1,1
2154,1,1,1,1,1
9631,1,1,1,1,1
2748,1,2,2,2,2
8162,1,1,1,1,1
1302,1,1,1,1,1
5616,1,1,1,1,1
5737,0,0,0,0,0
3894,1,1,1,1,1
2002,1,2,1,2,2
786,1,1,1,1,1
1933,1,2,2,2,2
6489,0,0,0,0,0
374,1,1,1,1,1
6479,1,1,1,1,1
10056,1,1,1,1,1
2471,1,1,1,1,1
4826,1,1,1,1,1
8448,1,1,1,1,1
1072,1,1,1,1,1
8038,1,1,1,1,1
2142,0,0,0,0,0
7691,1,1,1,2,2
9336,2,2,2,2,2
3441,1,2,1,1,1
837,1,1,1,1,1
8984,1,1,1,1,1
5242,2,2,2,2,2
279,2,2,1,1,2
7665,2,2,2,2,2
9034,1,1,1,2,1
10271,2,1,1,1,1
1539,2,2,2,2,2
8592,2,2,2,2,2
7960,1,2,2,2,1
219,1,1,1,1,1
9800,2,2,2,2,2
1509,1,1,2,2,2
7590,1,1,1,1,1
1819,1,1,1,1,1
6562,1,1,1,1,1
10209,1,1,1,1,1
5897,1,2,1,2,2
9982,1,2,2,2,2
9024,2,2,1,1,1
2719,2,2,2,2,2
3785,2,2,2,2,2
4137,1,1,1,1,1
7913,0,0,0,0,0
4957,2,1,1,1,1
6826,1,1,1,1,1
3272,1,1,1,1,1
9082,1,2,2,1,1
4592,1,1,1,1,1
10251,0,0,0,0,0
1473,1,1,1,1,1
662,1,1,1,1,1
9821,1,1,1,1,1
8873,1,1,1,1,1
3126,1,1,1,1,1
7314,2,2,2,2,2
5844,1,1,1,1,1
7597,1,1,1,1,1
8814,1,2,1,1,1
8207,0,1,1,0,0
6901,0,0,0,0,0
9181,1,1,1,1,1
9116,1,1,1,1,1
825,1,1,1,1,1
5123,2,2,1,2,2
9855,2,2,2,2,2
1164,2,2,2,2,2
7158,1,1,1,1,1
976,1,1,1,1,1
7851,1,1,2,1,1
4269,0,0,0,0,0
4190,0,0,0,0,0
4969,2,2,2,2,2
695,1,1,1,1,1
9360,1,1,1,1,1
699,1,1,1,1,1
2768,1,1,1,1,1
4451,1,1,1,1,1
9846,0,0,0,0,0
3577,1,1,1,1,1
1203,1,1,1,1,1
4103,1,1,1,1,1
2692,1,2,2,2,2
3351,2,2,2,2,2
1121,1,2,2,2,2
6195,1,1,1,1,1
9069,1,1,1,1,1
6436,1,1,1,1,1
4365,1,1,1,1,1
5359,1,1,1,1,1
8390,0,0,0,0,0
4012,1,1,1,1,1
8336,1,1,1,1,2
7883,1,1,1,1,1
4843,1,1,2,2,2
3957,1,1,1,1,1
3265,1,1,1,1,1
3698,2,2,2,2,2
7115,0,0,0,0,0
8061,1,1,1,1,1
7351,0,0,0,0,0
1287,1,1,1,1,1
6811,1,1,1,1,1
3155,1,1,1,1,1
7859,1,2,2,2,1
135,1,1,1,1,1
4453,1,1,1,1,1
540,1,1,2,1,2
3710,1,1,1,1,1
1943,1,1,2,1,2
1877,1,0,0,0,0
8298,1,1,1,1,1
6718,1,1,1,2,2
7177,2,1,1,1,1
8933,2,2,2,2,2
4281,1,1,1,1,1
8234,1,2,2,1,1
6892,1,1,1,1,1
4237,1,1,1,1,1
4563,2,1,1,1,1
3402,1,1,1,1,1
7587,1,1,1,1,1
9770,1,2,2,1,1
3352,1,1,1,1,1
6591,1,1,1,1,1
7437,2,1,1,2,2
7053,0,0,0,0,0
411,1,1,1,1,1
9652,0,0,0,0,0
381,1,1,1,1,1
3794,1,2,2,1,1
6589,1,2,1,1,2
5985,1,1,1,1,1
9735,2,1,1,1,1
2148,1,1,1,1,1
2104,2,2,2,2,2
4040,1,1,1,1,1
1845,1,1,1,1,1
4007,1,1,1,1,1
6048,1,1,1,1,1
4045,1,1,1,1,1
5493,1,1,1,1,1
8650,2,2,2,2,2
8667,1,1,1,1,1
2084,1,1,1,1,1
1966,1,1,1,0,1
1559,1,2,1,1,1
9205,1,2,2,2,2
2981,1,1,1,1,1
9096,1,2,2,2,2
142,0,0,0,0,0
4469,0,0,0,0,0
1396,1,1,1,1,1
2010,1,2,1,1,1
1838,1,1,1,1,1
1067,1,1,1,2,2
2906,2,2,1,2,2
194,1,1,1,0,0
6588,1,1,1,1,1
6767,2,2,2,2,2
7257,1,1,1,1,1
6766,1,1,1,1,1
5614,1,1,1,1,1
3940,1,1,1,1,1
6287,2,2,1,2,1
935,1,1,1,1,2
9384,0,0,0,0,0
1985,1,1,1,1,2
132,1,1,1,1,1
6303,1,1,1,1,1
1605,1,1,1,1,1
919,1,1,1,1,1
10068,1,1,1,1,1
9218,0,0,0,0,0
9819,2,2,2,2,2
9365,1,1,1,1,1
6819,0,0,0,0,0
6419,2,1,1,1,1
918,1,1,1,1,1
103,0,0,0,0,0
2737,2,2,2,2,2
4582,2,2,2,2,2
7538,1,1,1,1,2
8929,1,1,2,1,1
4111,1,1,1,1,1
252,1,1,1,1,2
1631,1,2,2,2,2
2367,1,1,1,1,1
1184,1,2,1,2,2
7254,1,1,1,1,1
3199,2,2,2,2,2
355,1,1,2,2,2
6968,1,1,1,1,1
1259,1,2,2,1,2
6785,2,1,1,1,1
2899,1,1,1,1,1
9911,1,1,1,1,1
6220,1,1,1,1,1
8188,1,2,2,1,1
1329,1,1,1,1,1
9040,1,1,1,1,1
4348,1,1,1,1,2
1456,0,0,1,0,0
3047,1,1,1,1,1
4564,1,1,1,1,1
5745,1,1,1,1,2
8458,1,1,1,1,1
1099,2,1,1,1,2
3214,1,1,1,1,1
2228,1,1,1,1,1
2593,1,1,1,1,1
2360,1,1,1,2,1
5848,0,0,0,0,0
2363,1,1,1,1,1
9611,1,1,1,1,1
5699,1,2,2,2,2
5632,1,1,1,1,1
3695,1,1,1,1,1
8829,1,1,1,1,1
7434,1,1,1,1,1
3804,1,1,1,1,1
1553,1,1,1,1,1
4570,1,1,1,1,1
10008,1,2,1,1,2
5834,1,1,1,1,1
6757,1,1,1,1,1
3705,1,1,1,1,1
7895,1,1,1,1,1
6198,1,1,2,1,1
120,1,1,2,2,1
6279,0,0,0,0,0
144,2,1,1,1,1
8822,1,1,1,1,1
2488,1,2,1,1,1
8047,1,1,1,1,1
7666,0,0,0,0,0
8530,1,1,1,1,1
3675,1,1,1,1,1
8866,0,0,0,0,0
8735,1,1,1,1,1
10077,1,1,1,1,1
6732,0,0,0,0,0
6684,2,1,1,1,1
5366,1,1,1,1,1
6794,1,1,2,1,1
6504,1,1,1,1,1
6582,1,1,1,1,1
9406,1,1,1,1,2
3009,1,1,1,1,1
6548,1,1,2,1,1
7247,1,1,1,1,1
1519,1,1,1,1,1
6733,1,1,1,1,1
8303,1,1,1,1,1
4396,0,0,0,0,0
3983,1,1,1,1,2
5038,1,1,1,1,1
263,0,0,0,0,0
5523,1,1,1,1,1
4313,1,1,1,1,1
9085,1,1,1,1,1
6590,1,1,1,1,1
9145,1,1,1,1,1
5920,1,1,1,1,1
9119,1,2,2,1,1
323,1,1,1,1,1
8120,0,2,0,2,2
4643,1,1,1,1,1
6584,1,1,1,1,1
5335,2,1,2,2,2
7705,1,1,1,1,1
8726,1,1,1,1,1
2862,1,1,1,1,1
5660,1,2,1,1,1
1921,2,2,2,1,2
7219,1,1,1,2,2
4337,0,0,0,0,0
1176,1,1,1,1,1
1598,1,0,0,1,1
7324,0,0,0,0,0
9625,0,0,0,0,0
526,1,1,1,1,1
8256,1,1,1,1,1
4550,1,1,2,1,1
8090,1,1,1,1,1
3905,1,1,1,1,1
2811,1,1,1,1,1
2168,1,1,1,1,1
4633,1,1,1,1,1
1144,2,2,2,2,2
1292,1,1,1,1,1
9437,1,1,1,1,1
8716,0,0,0,0,0
3829,1,1,1,1,1
3626,1,1,1,1,1
3726,1,1,1,1,1
4342,1,1,1,1,1
9654,1,1,2,2,2
8768,1,1,1,1,1
6343,1,1,1,1,1
6257,1,1,1,1,1
7444,1,1,2,2,2
9915,1,1,1,1,1
3104,0,2,2,0,0
9624,1,1,2,1,1
1446,1,0,1,2,1
7090,2,2,2,2,2
9956,1,2,1,1,1
6738,1,1,1,1,1
7810,1,1,1,1,1
7081,0,0,0,0,0
7015,1,1,2,2,1
2756,1,2,1,1,1
3820,1,1,1,1,1
3593,1,1,1,1,1
9601,1,1,1,1,1
1844,1,1,1,1,1
9335,1,1,1,1,1
1172,2,2,2,2,2
9169,2,2,2,2,2
8344,1,1,2,1,2
10151,1,1,1,1,1
1800,1,1,1,1,1
6520,1,1,1,1,1
4293,1,1,1,1,1
1644,1,1,1,1,1
2623,1,1,1,1,1
1006,1,1,1,1,1
8211,2,2,2,2,2
703,1,1,1,1,1
6197,1,1,1,1,2
1898,1,1,1,1,1
3122,1,1,1,1,1
7656,1,1,1,1,1
1648,1,2,2,2,2
7701,1,1,1,1,1
5933,1,1,1,1,1
8973,2,1,2,2,2
745,0,0,0,0,0
10268,2,1,1,1,1
4226,1,2,1,2,2
9867,1,1,1,1,1
93,1,1,2,1,1
3770,2,2,2,2,2
8409,1,1,1,1,1
8900,1,2,2,2,2
2376,1,1,1,1,1
9084,2,2,2,2,2
3311,1,1,1,1,2
2146,1,1,1,1,1
5605,2,2,2,2,2
2784,1,1,1,1,1
5405,2,2,2,2,2
9440,1,1,1,1,1
1566,1,1,1,1,1
716,1,1,1,1,1
9215,0,0,0,0,0
2510,1,1,1,1,1
6087,1,2,2,1,2
1382,2,1,1,2,1
1789,2,2,2,2,2
876,1,1,1,1,1
4568,2,2,2,2,2
106,2,2,2,2,2
9615,2,1,1,2,2
1667,1,1,1,1,1
9523,1,1,1,1,1
4466,1,1,1,1,1
8545,1,2,2,1,2
501,2,2,1,1,1
47,1,1,1,1,1
4078,1,1,1,1,1
1387,1,1,1,2,2
1880,1,1,1,1,1
6077,1,1,1,1,1
6945,1,1,1,1,1
8613,0,0,0,0,0
736,1,1,1,1,1
3349,1,1,1,1,1
4515,1,1,1,1,1
2779,0,0,0,0,0
5357,1,1,1,1,1
3612,1,2,1,1,1
5574,1,1,1,1,1
9725,1,2,1,1,2
1371,1,1,1,1,1
1324,1,1,1,1,1
6217,1,1,1,1,1
5026,1,1,1,2,1
2854,1,1,1,1,1
2081,1,1,1,1,1
4316,1,2,2,2,2
180,2,1,2,1,2
8153,1,1,1,1,1
9642,2,1,1,1,1
543,1,1,1,1,2
6847,1,1,1,1,1
7321,1,1,1,1,2
5083,1,1,1,1,1
3706,1,1,1,1,1
5682,1,1,1,1,1
6273,2,2,2,2,2
6606,1,1,1,1,1
1592,1,1,1,1,1
706,0,0,0,0,0
10303,0,0,0,0,0
7119,1,1,1,1,1
3511,1,1,1,1,1
3323,1,1,1,1,1
10239,1,1,1,1,1
6440,1,1,1,1,1
9138,1,1,1,1,2
1208,1,1,1,1,1
2802,1,1,1,1,1
3633,2,0,1,1,2
5564,1,1,1,1,1
9822,1,1,1,1,1
9503,1,2,2,1,2
6916,2,2,2,2,2
160,1,2,2,2,2
9196,1,1,1,1,1
1101,1,1,1,1,1
4162,1,1,1,1,1
3482,1,1,1,1,1
109,2,1,1,1,1
10079,1,1,1,1,1
9035,2,2,2,2,2
9190,1,1,1,1,1
6125,1,1,1,1,1
9206,0,0,0,1,0
5369,1,1,1,1,1
1445,1,1,1,1,1
941,1,2,2,2,2
6596,1,1,1,1,1
8811,1,0,0,0,1
3406,0,0,0,0,0
2099,1,1,1,1,1
4603,0,0,0,0,0
2935,1,1,1,1,1
435,1,1,1,1,1
121,0,0,0,0,0
6633,1,1,2,2,2
4366,1,1,1,1,1
1003,1,1,1,1,1
1040,1,1,1,1,1
6149,2,2,2,2,2
112,1,2,1,1,1
9992,1,1,2,1,1
5868,1,1,1,1,1
1484,2,1,1,1,1
5100,1,1,1,1,1
7307,1,1,1,1,1
7051,1,1,1,1,1
1909,1,1,1,1,1
5005,1,1,1,1,1
4651,1,1,1,1,1
4954,2,1,1,1,1
8728,2,1,1,1,1
942,1,1,1,1,1
2559,1,1,1,1,1
1703,1,1,1,1,1
2550,1,1,1,2,2
9861,1,1,1,1,1
3597,2,2,2,1,1
3984,0,0,0,0,0
8094,2,2,2,2,2
6016,2,2,2,2,2
5983,1,0,0,0,0
348,1,2,2,2,2
3562,0,0,0,0,0
7059,1,1,2,1,1
3202,1,1,1,1,1
4871,0,0,0,0,0
8941,1,1,1,1,1
417,1,2,2,2,2
2822,1,1,1,1,1
6857,2,2,2,2,2
3821,1,2,1,2,2
3737,1,1,1,1,1
3073,1,1,1,1,1
5934,0,0,0,0,0
2583,2,1,1,1,2
647,2,2,2,2,1
4659,1,1,1,1,1
5451,1,1,1,1,1
7146,1,1,1,1,1
4775,1,1,1,1,1
4026,1,2,2,2,1
2191,1,2,1,1,1
9125,1,2,2,2,2
590,1,1,2,1,1
8181,1,1,1,1,1
2529,2,2,1,2,1
593,1,1,1,1,1
8945,1,1,1,1,1
2808,1,1,1,1,1
1769,1,1,1,1,1
3374,1,1,1,1,1
6592,1,1,1,1,1
5668,2,2,2,2,2
2679,1,1,1,1,1
5077,1,1,1,1,1
9653,1,1,1,1,1
8982,1,1,1,1,1
7387,2,1,1,1,2
21,1,1,1,1,1
1107,2,1,1,1,1
10148,0,0,0,0,0
3247,1,1,1,1,1
6623,1,1,1,1,1
3744,1,1,1,1,1
4831,1,1,1,1,1
7537,1,1,1,1,1
338,1,1,1,1,1
9566,1,1,1,1,1
2664,2,1,1,1,1
3630,1,1,1,1,1
5410,1,1,1,1,1
8340,0,0,0,0,0
3421,2,1,1,1,1
2654,1,1,1,1,2
1726,1,1,1,1,1
5132,1,1,1,1,1
9640,2,1,2,2,1
5599,1,1,1,1,1
4179,1,1,1,1,1
8115,1,1,1,1,1
5227,1,1,1,1,1
2895,1,1,1,1,2
6816,1,1,1,1,1
9543,1,1,1,1,1
4081,1,1,1,1,1
6832,1,1,1,1,1
2181,0,0,0,0,0
1601,1,1,1,1,1
10315,1,1,1,1,1
3266,2,2,2,2,1
9179,1,1,1,1,1
7024,1,1,1,1,2
989,1,1,1,1,1
5633,1,2,1,1,1
553,1,1,1,1,1
8997,1,2,1,2,2
165,0,0,0,0,0
7769,1,1,1,1,2
2877,1,1,1,1,1
4652,1,1,1,1,1
2218,1,1,1,1,1
7990,1,1,1,1,1
8323,1,1,1,1,1
2659,1,1,1,1,1
3832,2,2,0,2,2
757,1,1,1,1,1
5594,1,1,1,1,1
5583,1,1,1,1,1
3531,2,2,2,2,2
5009,1,2,2,2,1
9876,1,1,1,1,1
5241,1,1,1,1,1
8902,1,1,1,1,1
5631,1,2,2,2,1
8576,1,1,1,1,1
10035,2,2,2,2,2
289,1,1,1,1,1
2655,1,1,1,1,1
5603,1,1,1,1,1
7806,2,2,2,2,2
1749,1,1,1,1,1
5232,2,2,1,2,1
10046,0,0,0,0,0
3152,1,1,1,1,1
7504,0,0,0,0,0
1995,1,2,1,2,2
1060,1,1,1,1,1
4046,2,2,1,2,2
3433,1,1,1,1,1
9874,2,1,1,1,2
6449,1,1,1,1,1
5757,1,1,1,1,1
2221,1,1,1,1,1
4245,2,2,2,2,2
3659,1,1,1,1,1
10113,1,1,1,1,1
2094,1,1,1,1,1
7448,1,1,1,1,1
10122,1,1,1,1,1
10227,0,0,0,0,0
5914,1,1,1,1,1
6238,1,1,1,1,1
320,1,1,1,1,1
1923,1,1,1,1,1
2827,1,2,1,1,1
5761,1,1,1,1,1
6147,1,2,2,1,2
5426,1,1,1,1,1
1254,1,1,2,1,1
4135,1,1,1,1,1
265,2,2,2,2,2
7522,1,2,1,1,1
1196,1,1,1,1,1
8203,1,1,1,1,1
1401,0,0,0,0,0
2754,1,1,1,1,1
7787,1,1,2,2,2
9807,1,1,1,1,1
2027,2,0,1,1,2
471,1,1,2,1,1
4666,1,1,1,1,1
9009,1,1,1,1,1
9544,1,1,1,1,1
1705,1,1,1,1,1
2409,1,1,1,1,1
9979,1,1,1,1,1
8922,2,2,1,1,1
9133,1,1,1,1,1
2516,1,1,1,1,1
5762,1,1,1,1,1
6483,1,1,1,1,1
636,2,2,1,1,1
820,1,2,2,1,1
9782,2,2,2,2,2
4685,1,1,1,1,1
1447,1,1,1,1,1
9622,2,2,1,2,2
1514,1,1,1,1,1
1737,1,1,1,1,1
5674,1,1,1,1,1
8684,2,1,1,1,1
6669,2,2,2,2,2
1887,0,0,0,0,0
76,1,1,1,1,1
1983,1,1,1,1,1
4221,1,1,1,1,1
8438,1,1,1,1,1
373,0,0,0,0,0
5237,1,2,2,2,2
10064,1,1,1,1,1
7241,1,1,1,1,1
9469,1,2,1,1,1
6124,1,2,1,1,2
2171,0,0,0,0,0
2663,2,2,2,2,2
8372,1,1,1,1,1
7220,1,1,1,1,1
4496,2,2,2,2,1
9910,1,1,1,1,1
6672,1,1,1,1,1
3552,1,1,1,1,1
2658,2,2,2,2,2
26,1,1,1,1,1
8566,1,1,1,1,1
4542,1,2,2,1,1
8311,2,2,2,2,1
1310,1,2,2,2,1
3313,1,1,1,1,1
3991,2,2,2,2,2
2204,0,0,0,0,0
7947,0,0,0,0,0
10161,2,1,1,1,1
2412,1,1,1,1,1
3815,1,1,1,1,1
3468,0,1,1,0,0
6927,1,0,1,1,1
4283,0,0,0,0,0
6045,1,2,1,1,1
4787,1,1,1,1,1
2852,1,1,1,1,1
9589,1,1,1,1,2
1745,1,1,1,1,1
5121,1,1,1,1,1
9023,2,2,2,2,2
5122,1,1,1,1,1
1135,0,0,0,0,0
3910,0,0,0,0,0
2879,1,1,1,1,1
497,1,1,1,1,1
155,1,1,1,1,1
5096,2,2,2,2,2
6793,1,1,1,1,1
4992,1,1,1,1,1
7421,1,1,1,1,1
10249,1,1,1,1,1
2306,1,1,1,1,1
7323,0,0,0,0,0
6542,1,1,1,1,1
4870,1,1,1,1,1
6973,1,1,1,1,1
7577,1,1,1,1,1
6407,1,1,1,1,1
9519,1,1,1,1,1
6131,1,1,2,1,1
3521,1,1,1,1,1
5555,1,2,2,2,2
9452,1,1,1,1,1
500,0,0,0,0,0
8629,1,1,1,1,1
4010,0,0,0,0,0
8995,1,1,1,1,1
5119,1,2,2,2,2
6776,0,0,0,0,0
8282,2,1,1,1,2
8807,1,1,1,1,1
3523,1,2,1,1,2
1386,1,1,1,1,1
6438,0,0,0,0,0
8788,1,1,1,1,2
1741,1,1,1,1,1
143,0,0,0,0,2
5548,1,1,1,1,1
7005,1,1,1,1,1
2384,0,0,0,0,0
5303,1,1,1,1,1
1220,0,0,0,0,0
4691,1,1,1,1,1
8127,1,1,1,1,1
4326,0,0,1,0,0
5182,2,2,2,2,2
3380,1,1,1,1,1
547,1,2,1,1,1
5176,1,1,1,1,1
8661,1,1,1,1,1
2855,1,1,1,1,1
874,1,1,1,1,1
6412,1,1,1,1,1
4214,1,1,1,1,1
9459,2,2,2,2,2
1435,0,0,0,0,0
5993,1,1,1,1,1
10169,2,2,2,2,2
8048,1,2,2,2,2
8366,1,1,1,1,1
4166,2,1,1,1,1
9985,1,1,1,1,1
4599,2,1,1,1,1
1290,1,1,1,1,1
2730,1,2,2,2,2
4036,1,1,1,1,1
2708,0,0,0,0,0
5377,1,1,1,1,1
4846,1,1,1,1,1
9553,1,1,1,1,1
8441,1,1,1,1,1
3725,1,1,1,1,1
2535,0,0,0,0,0
3281,1,1,1,1,1
6107,1,1,2,1,1
4579,1,1,2,2,2
5663,1,0,1,1,1
6486,2,1,1,1,1
2894,1,1,1,1,1
6771,2,1,2,2,2
4922,1,1,1,1,2
775,1,2,2,2,2
9160,1,1,1,1,1
1131,1,1,2,2,2
7250,1,1,1,1,1
1597,1,2,1,1,1
5433,2,2,2,2,2
5008,1,1,1,1,1
8330,1,1,1,1,1
8439,1,1,1,1,1
527,2,2,2,1,1
1355,1,1,1,1,1
7221,1,1,1,1,1
9482,1,1,1,1,1
3743,1,1,1,1,1
6377,1,1,1,1,1
2684,1,1,1,1,1
8560,1,2,1,2,1
2127,1,1,1,1,1
7289,2,1,1,1,2
2162,1,1,1,1,1
1706,1,1,1,1,1
78,1,1,1,1,1
8588,2,2,2,2,2
669,0,0,1,1,0
5384,1,1,1,1,1
7178,1,1,1,1,1
9448,1,1,1,1,1
2100,1,1,1,1,1
6001,1,1,1,1,1
6277,1,1,1,1,1
5030,1,1,1,1,1
1163,1,1,1,1,1
5966,1,1,1,1,1
4953,0,0,0,0,0
5537,2,1,1,1,1
7583,2,2,2,2,2
5724,1,1,1,1,1
5546,1,1,1,1,1
4709,1,1,1,1,1
10175,1,1,1,1,1
6165,1,1,1,1,1
7296,1,2,2,2,2
10241,2,2,2,2,2
5476,1,1,1,1,1
4920,1,1,1,1,1
7561,1,1,1,1,1
8112,1,1,1,1,1
718,1,1,2,1,1
3341,1,1,1,1,1
8803,1,1,1,1,1
4943,1,1,1,1,1
9240,1,2,1,1,1
4613,1,1,1,1,1
3488,1,1,1,1,1
5214,1,1,1,1,1
9483,0,0,0,0,0
1621,1,1,1,1,1
5459,1,1,1,1,1
356,1,1,1,1,1
3727,1,1,1,1,1
3849,1,1,1,1,1
5887,1,2,1,1,1
1758,1,1,1,1,1
6392,1,1,1,1,1
7277,2,2,1,1,1
6679,1,2,2,1,1
3604,1,1,1,1,1
122,1,1,1,1,1
9293,1,1,1,1,1
7672,2,2,2,2,2
1564,2,1,1,1,2
3898,1,1,1,1,1
812,1,1,1,1,1
3856,1,1,1,1,1
4867,1,1,2,1,1
4760,1,1,1,1,1
7896,2,2,2,2,1
2500,2,2,1,2,1
9253,2,2,2,1,2
9331,0,0,0,0,0
8671,1,1,1,1,1
7389,1,1,1,1,1
9453,1,2,2,2,1
670,1,1,1,1,1
882,1,1,1,1,1
3641,1,1,1,1,1
7944,2,2,2,2,2
6021,1,1,1,1,1
2378,0,0,0,0,0
9820,1,1,1,1,1
7753,2,2,2,2,2
6004,1,1,1,1,1
5131,2,2,2,2,2
5628,1,1,1,1,1
1198,0,0,0,0,0
274,1,1,1,1,1
4682,1,2,2,1,1
6096,0,2,2,1,2
1070,1,1,1,1,1
137,1,1,1,1,1
6645,2,2,2,2,2
2755,2,1,1,1,1
69,1,1,1,1,1
1947,1,1,1,1,1
9661,1,2,2,2,1
2511,1,1,1,1,1
10294,2,2,1,2,1
7383,0,0,0,0,0
6597,1,1,1,1,2
10329,1,1,1,1,1
3822,1,1,1,1,1
1926,1,1,1,1,2
256,1,1,1,1,1
3525,1,1,1,1,1
8762,0,0,0,0,0
10027,1,1,1,1,1
2325,1,1,1,1,1
2343,1,1,1,1,2
5449,2,2,2,2,2
0,1,1,1,1,1
7089,1,1,1,1,1
8029,0,0,0,0,0
6610,1,1,1,1,1
4885,1,1,1,1,1
6314,0,0,0,0,0
6447,1,1,1,1,1
1183,2,1,1,1,1
9584,2,1,1,1,1
5309,1,2,1,1,1
5087,1,2,2,1,1
6800,1,1,1,1,1
7049,2,0,2,2,2
3144,1,1,1,1,1
6397,0,0,0,0,0
3640,1,1,1,1,1
1927,1,1,1,1,2
10261,0,0,0,0,0
10057,1,1,1,1,1
9579,1,1,1,1,1
2914,1,2,2,1,1
2132,1,2,1,1,1
3749,1,1,1,1,1
4234,1,1,1,1,2
6310,1,1,1,1,1
8369,1,1,1,1,1
7754,1,1,1,1,1
7464,1,1,1,1,1
7050,1,1,1,1,1
3621,0,0,0,0,0
300,1,1,1,1,1
8830,0,0,0,0,0
2717,0,0,0,0,0
3591,1,1,1,1,1
191,2,2,1,2,2
1873,2,2,2,1,2
3818,1,1,1,1,1
6891,1,1,1,1,1
6476,2,1,1,1,1
371,2,1,1,1,1
4725,1,1,1,1,1
5187,1,1,1,1,1
1642,1,1,1,1,1
5526,1,1,1,1,1
4800,0,0,0,0,0
788,0,1,1,0,2
9198,1,1,1,1,1
4899,1,1,2,2,2
9143,1,1,1,1,1
4919,1,1,1,1,1
4796,1,2,2,2,2
4042,0,0,0,0,0
2105,1,2,2,1,2
8264,1,1,1,1,1
5413,1,2,2,1,2
4823,1,1,1,1,1
10073,1,1,1,1,1
6992,1,1,1,1,2
8455,0,0,0,0,0
1378,1,1,1,1,1
96,1,1,1,1,1
8781,0,1,0,0,0
6696,1,1,1,1,1
2744,2,1,1,1,2
1111,0,0,0,0,0
10336,0,0,0,0,0
6856,1,2,2,2,2
5381,1,1,1,1,1
6808,1,1,1,1,1
1438,1,1,1,1,1
5999,2,1,1,1,1
6646,1,2,2,2,2
4091,1,1,1,1,1
5446,1,1,1,2,1
1551,1,1,1,1,1
5786,1,1,1,1,1
9711,1,1,2,1,1
3507,0,0,0,0,0
4241,1,1,1,1,1
9352,1,1,1,1,1
2357,2,2,2,2,2
8142,1,1,1,1,1
3602,2,2,1,2,1
7644,1,1,1,1,1
3440,1,2,2,2,2
9359,1,1,1,1,1
4067,1,2,2,2,1
1687,0,0,0,0,0
3164,1,1,1,1,1
6571,0,0,0,0,0
7214,0,0,0,0,0
7208,1,1,1,1,1
4252,1,1,1,1,1
8730,1,1,1,1,1
7311,2,1,1,1,1
2741,1,1,1,1,1
8297,2,2,2,2,2
150,1,1,1,1,2
2523,0,0,0,0,0
4401,1,1,1,1,1
8228,2,1,1,1,1
4623,1,1,1,1,1
9347,1,1,1,1,1
9245,1,1,1,1,1
9301,1,1,1,1,1
3776,1,1,1,1,1
2237,0,0,0,0,0
3861,2,1,1,1,1
7102,1,1,1,1,1
2414,1,1,1,1,1
9839,1,1,1,1,1
7273,1,1,1,1,1
3147,1,2,1,1,1
686,1,1,1,1,1
6368,0,0,0,0,0
1975,2,2,1,2,1
5395,0,0,0,0,0
1063,1,1,1,1,1
1645,1,1,1,1,1
2225,1,1,1,1,1
7300,1,1,1,1,1
451,1,1,1,1,1
9925,1,1,1,1,1
2584,1,1,1,1,1
4661,1,1,1,1,1
5196,1,2,2,2,2
512,1,1,1,1,1
6975,1,1,1,1,1
9851,1,1,2,1,1
5043,1,1,1,1,1
5794,1,1,1,1,1
8460,1,2,2,2,2
3253,1,1,1,1,1
10215,1,1,1,1,1
811,1,1,1,1,1
8208,0,0,0,0,0
73,1,2,2,1,1
5280,0,0,0,0,0
3884,1,2,2,1,1
6760,1,1,1,1,1
9226,1,1,1,1,2
2957,1,1,1,1,1
4441,1,1,2,1,1
9868,1,1,1,1,1
5604,1,1,1,1,1
7830,0,0,0,0,0
2952,1,1,1,2,2
10273,1,1,1,1,1
7911,1,1,1,1,1
385,1,1,1,1,1
4024,2,2,2,2,2
6789,1,1,1,1,1
5062,2,2,2,2,2
8816,0,0,0,0,0
9078,0,0,0,0,0
5533,1,1,1,1,1
8395,1,2,2,2,2
6943,1,1,1,1,2
602,1,1,1,1,1
7125,0,0,0,0,0
2467,0,0,0,0,0
5638,2,2,2,2,2
7088,1,1,1,1,1
1116,1,1,1,1,1
629,1,1,1,1,1
8800,1,1,1,1,1
9066,1,1,1,1,1
738,1,1,1,1,1
2991,1,1,2,2,2
9964,1,1,1,1,1
6350,1,1,1,1,1
7887,1,1,1,1,1
5942,2,0,2,2,0
7197,1,2,1,1,1
402,1,2,1,1,2
5964,2,2,2,2,2
6545,2,2,2,2,2
1751,1,1,1,1,2
7280,1,1,1,1,1
7388,1,1,1,1,1
4753,1,1,1,1,1
7935,2,1,1,1,2
8420,0,0,0,0,0
9715,1,1,1,1,1
2373,1,1,1,1,1
3109,1,1,1,1,1
4197,1,2,1,1,1
622,0,0,0,0,0
10226,1,1,1,1,1
3895,1,1,1,1,1
9818,1,2,2,1,1
8465,0,0,0,0,0
4127,1,2,2,1,1
4644,1,1,1,1,1
6423,1,2,2,2,2
7003,1,2,2,1,2
8805,1,1,1,1,1
6595,1,1,1,1,1
8407,1,1,1,1,1
5022,2,2,2,2,2
8257,0,0,0,0,0
8482,1,1,1,1,1
7530,2,1,1,1,1
1958,1,1,1,1,1
9930,1,1,1,1,1
9634,1,1,1,1,1
4141,1,1,1,1,1
3971,1,1,2,2,1
8012,1,1,1,1,1
5860,1,1,1,1,1
8958,0,0,0,0,0
7481,1,1,1,1,1
6240,2,2,2,2,2
4866,2,2,2,2,2
2234,1,1,1,1,2
346,1,1,1,1,1
1051,0,0,0,0,0
6986,1,0,1,0,0
6611,0,0,1,1,0
3730,1,1,2,2,1
3368,0,0,0,0,0
101,1,1,1,1,1
4935,1,1,1,1,1
8627,1,1,1,1,1
9690,2,2,2,2,2
2873,2,1,1,1,1
830,1,1,1,1,1
7242,1,2,1,2,2
6882,1,2,2,2,1
5658,1,1,1,1,1
9474,0,1,2,1,2
9623,1,2,2,2,2
8156,1,1,1,1,1
6432,1,1,1,1,1
3780,0,0,0,0,0
6450,1,1,1,1,1
9269,0,0,0,0,0
3000,1,1,1,1,1
7165,0,0,0,0,0
38,1,2,1,1,1
2514,1,1,1,1,1
3003,1,1,1,1,1
7503,1,1,1,1,1
4108,1,1,1,1,1
7892,1,1,1,1,1
8161,1,1,1,1,1
2091,1,1,1,1,1
983,1,1,1,1,1
7420,1,1,1,1,1
3320,1,1,1,1,1
2734,1,2,1,2,1
7654,1,1,1,1,1
8290,1,1,1,1,1
2994,1,1,1,1,1
7198,1,2,1,1,2
1762,1,1,1,1,1
4192,1,1,1,1,1
3228,1,1,1,1,1
1185,0,0,0,0,0
2693,1,1,1,1,1
1048,1,1,1,1,1
7153,1,1,1,1,1
7818,1,1,1,1,1
637,1,1,1,1,1
3683,1,1,1,1,1
7832,1,0,1,1,1
10003,1,1,1,1,1
6443,1,1,1,1,1
9773,1,1,1,1,1
2261,0,0,0,0,0
6361,0,2,2,2,2
9660,1,1,1,1,1
9727,2,1,1,1,1
7133,1,1,1,1,1
9511,2,2,2,2,2
466,1,2,1,2,2
8480,1,1,1,1,1
1562,2,2,2,2,2
7019,1,1,1,1,1
4351,1,1,1,1,1
10026,0,0,0,0,0
5907,1,1,1,1,1
5494,0,0,0,0,0
8988,1,1,1,1,1
646,2,2,2,2,2
6015,1,0,0,1,0
306,1,1,1,1,1
7694,1,1,1,1,1
2109,1,2,2,2,1
2315,1,1,1,1,1
5584,2,2,1,1,1
2333,1,1,1,1,1
8930,1,1,1,1,1
539,1,1,1,0,0
2016,1,1,1,1,1
7369,1,1,1,1,2
8474,1,1,1,1,1
6965,1,1,1,1,1
5406,1,1,1,1,1
9304,1,2,1,1,1
5154,1,1,1,1,1
3381,1,1,1,1,1
3834,1,1,1,1,1
7372,1,0,1,0,1
4159,1,2,2,2,2
5253,1,1,1,1,1
9472,1,1,2,1,1
1080,1,1,1,1,1
4428,1,1,1,1,1
1637,1,1,1,1,1
1251,1,1,1,1,1
5105,1,1,1,1,1
6445,1,1,1,1,1
7745,1,1,1,1,1
823,1,2,2,2,2
5673,1,1,1,1,1
6697,1,1,1,1,1
975,2,1,1,1,1
10130,0,0,0,0,0
7196,1,1,1,1,1
237,1,1,1,1,1
7315,0,0,0,0,0
1639,2,1,1,1,1
2778,1,1,1,1,1
3978,1,1,2,2,2
2870,1,1,1,1,1
5352,2,2,2,2,1
196,0,0,0,0,0
5758,0,0,0,0,0
8083,2,2,2,2,2
5444,1,1,1,1,1
1968,1,1,1,1,1
7303,1,1,1,1,1
4551,0,0,0,0,0
6614,1,1,1,2,2
8681,1,1,1,1,1
6173,0,0,0,0,0
6024,1,1,1,1,1
4058,1,1,1,1,1
1969,1,1,1,1,1
7310,1,1,1,1,1
1472,1,1,1,1,1
4724,0,0,0,0,0
7460,1,1,1,1,1
4745,1,1,1,1,1
3997,1,2,2,2,2
9730,1,1,1,1,1
6151,1,1,2,2,1
7912,1,1,1,1,1
1882,1,1,1,1,1
1795,1,1,1,1,1
5349,1,1,1,1,1
2685,1,1,1,1,1
5545,1,1,1,1,1
6315,1,1,1,1,1
8525,1,1,1,1,2
721,1,1,1,1,1
3201,1,1,1,1,1
594,1,1,1,1,1
7932,0,0,0,0,0
4471,1,1,1,2,2
2958,2,1,1,1,2
9734,1,1,1,1,1
3987,2,1,2,1,2
7649,1,1,1,1,1
9732,0,0,0,0,0
2728,1,2,2,2,1
9434,2,2,2,2,2
4785,1,1,1,1,1
4821,1,1,1,1,1
676,1,1,1,1,1
1347,1,2,2,2,1
1010,0,0,0,0,0
6677,1,2,1,1,1
7140,1,1,1,1,1
841,0,0,0,0,0
8925,2,1,1,1,1
8087,2,2,2,2,2
2320,1,1,1,1,2
5609,1,2,1,1,1
4864,1,1,1,1,1
6348,1,1,1,1,1
10247,1,1,1,1,1
1269,1,1,1,1,1
682,1,1,1,1,1
413,1,1,1,1,1
7128,1,1,1,1,1
1799,1,1,1,1,1
5086,1,1,1,1,1
7881,0,0,0,0,0
4368,2,1,1,1,1
1030,1,2,2,2,1
3282,1,1,1,1,1
10312,2,2,2,2,2
9860,0,0,0,0,0
2152,1,1,1,1,1
4093,0,0,0,0,0
7642,0,2,0,0,0
3598,0,0,0,0,0
10159,2,1,1,2,2
6926,1,0,1,1,1
4021,1,2,1,1,1
2250,1,1,1,1,1
9785,1,2,1,1,2
3056,1,1,1,1,1
2041,1,1,1,1,1
701,1,1,1,1,1
2046,0,0,0,0,0
5422,1,2,2,2,1
9848,1,1,1,1,1
3799,1,1,1,1,1
6605,0,0,0,0,0
3365,2,2,2,2,2
7592,1,1,1,1,1
5337,2,1,1,1,1
5215,1,1,1,1,1
4539,2,2,2,2,2
2900,0,0,0,0,0
4972,1,2,2,1,1
4250,2,2,2,2,2
3442,1,1,1,1,1
