,xgb1,xgb2,xgb3,xgb4,xgb5,ID
0,1,1,1,1,2,10000124
1,1,1,1,1,1,10000133
2,1,1,1,1,1,10000149
3,1,1,1,1,1,10000156
4,1,1,1,1,1,10000161
5,1,1,1,1,2,10000162
6,1,1,1,1,0,10000165
7,1,1,1,2,0,10000181
8,1,1,1,1,1,10000187
9,1,1,1,1,1,10000190
10,1,1,1,1,1,10000195
11,1,1,1,1,1,10000196
12,1,1,1,1,1,10000201
13,1,1,2,2,2,10000203
14,1,1,1,1,1,10000205
15,1,1,0,2,2,10000206
16,1,1,2,2,1,10000209
17,1,2,2,2,2,10000210
18,1,1,1,2,2,10000212
19,0,0,0,0,0,10000214
20,1,1,1,1,1,10000219
21,1,1,1,1,1,10000224
22,1,1,2,2,1,10000229
23,1,1,1,1,1,10000230
24,1,1,1,1,2,10000233
25,1,1,1,1,2,10000240
26,1,1,1,1,1,10000254
27,1,2,1,1,1,10000262
28,0,0,0,0,0,10000265
29,1,1,1,1,1,10000271
30,1,1,1,1,1,10000276
31,1,1,1,1,1,10000277
32,1,1,1,1,1,10000294
33,0,0,0,0,0,10000296
34,1,1,1,2,1,10000311
35,1,1,1,1,1,10000317
36,1,2,2,2,2,10000319
37,1,1,1,2,2,10000320
38,1,1,1,2,2,10000321
39,1,1,1,1,1,10000325
40,1,1,1,1,1,10000329
41,1,1,1,1,1,10000339
42,1,1,1,2,2,10000340
43,1,1,1,1,1,10000345
44,1,1,0,2,2,10000373
45,0,0,0,0,0,10000375
46,1,1,1,1,1,10000387
47,1,1,1,1,1,10000396
48,1,1,1,1,1,10000400
49,1,1,1,1,2,10000407
50,1,1,1,1,1,10000413
51,0,0,0,0,0,10000416
52,1,1,1,1,1,10000417
53,1,1,1,1,1,10000420
54,1,1,1,1,1,10000424
55,1,1,1,2,2,10000426
56,1,1,1,1,1,10000431
57,1,1,1,1,1,10000438
58,1,1,1,2,2,10000443
59,1,1,1,1,2,10000445
60,0,0,0,0,0,10000447
61,0,0,0,0,0,10000449
62,1,1,1,1,1,10000464
63,1,1,1,1,1,10000468
64,1,1,1,1,2,10000469
65,1,1,1,2,2,10000483
66,1,1,1,2,2,10000488
67,1,1,1,1,1,10000497
68,0,0,0,0,0,10000499
69,1,1,1,1,1,10000501
70,1,1,2,2,2,10000507
71,0,0,0,0,0,10000510
72,1,1,1,1,1,10000511
73,0,0,0,2,2,10000512
74,1,1,1,1,1,10000515
75,1,1,1,1,1,10000519
76,1,1,2,2,2,10000521
77,1,1,1,1,1,10000532
78,1,1,1,1,0,10000536
79,1,1,1,1,1,10000541
80,0,0,0,0,0,10000546
81,0,0,0,0,0,10000549
82,0,0,0,0,0,10000556
83,0,0,0,0,0,10000560
84,1,1,1,1,1,10000561
85,0,0,0,0,0,10000565
86,1,1,1,1,1,10000575
87,1,1,1,1,1,10000589
88,1,1,1,1,2,10000591
89,0,0,0,0,0,10000599
90,1,1,1,1,2,10000604
91,1,1,1,1,1,10000606
92,1,1,1,2,1,10000628
93,1,1,1,1,1,10000642
94,1,1,1,1,1,10000646
95,0,0,0,0,0,10000675
96,1,1,1,1,1,10000678
97,0,0,0,0,0,10000679
98,1,1,1,1,2,10000683
99,0,0,0,0,0,10000692
100,1,1,1,1,1,10000696
101,1,1,1,1,2,10000705
102,1,1,1,1,1,10000726
103,1,1,1,1,0,10000734
104,1,1,1,1,1,10000735
105,1,1,1,1,2,10000743
106,1,1,1,1,1,10000746
107,0,0,0,0,0,10000748
108,1,1,1,1,1,10000750
109,1,1,1,1,1,10000755
110,1,1,1,1,1,10000756
111,1,1,1,1,0,10000758
112,1,1,1,1,1,10000760
113,1,1,1,1,1,10000791
114,1,1,1,1,1,10000799
115,1,1,0,0,0,10000801
116,1,2,2,2,2,10000804
117,1,1,1,1,1,10000814
118,1,1,1,2,2,10000824
119,1,1,1,1,1,10000830
120,0,0,0,0,0,10000832
121,1,1,1,1,1,10000833
122,1,1,1,1,1,10000864
123,1,1,1,2,2,10000867
124,1,1,1,1,1,10000885
125,1,1,1,1,1,10000887
126,1,1,1,1,1,10000888
127,1,1,1,1,1,10000897
128,1,1,1,1,1,10000898
129,1,1,1,2,1,10000905
130,1,1,1,1,1,10000907
131,1,1,2,1,1,10000916
132,1,1,1,2,2,10000917
133,0,0,0,0,0,10000925
134,1,1,1,1,1,10000930
135,1,1,1,1,1,10000939
136,1,1,1,1,1,10000940
137,2,2,1,1,1,10000942
138,1,1,1,1,1,10000947
139,1,1,1,1,1,10000951
140,1,1,2,2,2,10000955
141,1,1,1,1,1,10000959
142,1,1,1,1,1,10000962
143,1,1,1,2,2,10000965
144,1,1,1,1,2,10000967
145,1,1,1,1,1,10000971
146,1,1,1,1,1,10000975
147,1,1,1,1,1,10000993
148,1,1,2,2,1,10000995
149,1,1,1,1,1,10000998
150,1,1,1,1,1,10001000
151,1,1,1,1,1,10001002
152,1,1,0,1,1,10001003
153,1,1,1,2,2,10001006
154,0,0,0,0,0,10001012
155,1,1,1,1,1,10001019
156,1,1,1,1,1,10001026
157,1,1,1,1,1,10001028
158,0,0,0,0,0,10001029
159,1,1,1,1,1,10001040
160,1,1,1,1,1,10001049
161,1,1,1,1,1,10001052
162,1,1,1,1,1,10001055
163,1,1,1,1,1,10001056
164,1,1,1,1,1,10001060
165,1,1,1,2,2,10001061
166,1,1,1,1,1,10001062
167,1,1,1,1,1,10001063
168,0,0,0,0,0,10001066
169,1,1,1,1,1,10001068
170,1,1,1,1,2,10001069
171,1,1,1,1,1,10001076
172,1,1,1,1,1,10001078
173,1,1,1,1,2,10001081
174,1,1,1,1,2,10001082
175,0,0,0,0,2,10001088
176,1,1,1,1,1,10001090
177,1,1,1,1,1,10001092
178,1,1,1,1,1,10001097
179,1,1,1,1,1,10001105
180,1,1,1,1,1,10001106
181,1,1,1,2,1,10001108
182,0,0,0,0,0,10001109
183,1,1,1,1,0,10001114
184,1,1,1,2,2,10001115
185,1,1,1,1,1,10001124
186,1,1,2,2,2,10001128
187,1,1,2,2,2,10001130
188,0,0,0,0,0,10001133
189,1,1,1,1,1,10001135
190,1,1,1,1,1,10001136
191,0,0,0,0,0,10001149
192,1,1,1,1,1,10001152
193,1,1,1,1,2,10001164
194,1,1,1,2,1,10001173
195,1,1,1,1,1,10001182
196,1,1,1,1,2,10001189
197,0,0,0,0,0,10001190
198,1,1,1,1,2,10001200
199,1,1,1,1,1,10001201
200,0,0,0,0,0,10001203
201,1,1,1,2,1,10001218
202,1,1,1,1,1,10001219
203,1,1,1,1,1,10001221
204,1,1,1,2,1,10001224
205,0,0,0,0,0,10001234
206,1,1,1,1,1,10001239
207,1,1,1,1,1,10001241
208,0,0,0,0,0,10001247
209,1,1,1,1,1,10001252
210,1,1,1,2,2,10001253
211,1,1,1,0,0,10001254
212,1,1,1,1,2,10001258
213,1,1,1,2,2,10001260
214,1,1,1,1,2,10001261
215,1,1,1,1,1,10001262
216,0,0,0,0,0,10001263
217,1,1,1,1,1,10001274
218,1,1,1,1,0,10001275
219,1,1,1,1,1,10001276
220,2,2,2,2,2,10001287
221,0,0,0,0,0,10001288
222,1,1,1,2,1,10001310
223,1,1,1,1,1,10001318
224,1,1,1,1,1,10001325
225,1,1,1,1,1,10001327
226,1,1,1,1,2,10001329
227,1,1,1,1,1,10001332
228,1,1,1,1,1,10001358
229,1,1,1,1,1,10001361
230,1,1,1,1,1,10001369
231,1,1,1,1,1,10001373
232,1,1,1,1,1,10001384
233,1,2,2,2,2,10001396
234,1,1,1,1,1,10001412
235,1,1,1,1,1,10001413
236,1,1,1,1,1,10001416
237,1,1,1,1,1,10001417
238,0,0,0,0,0,10001418
239,1,1,1,1,1,10001422
240,1,0,0,0,0,10001424
241,1,1,0,0,0,10001428
242,1,1,1,2,2,10001433
243,1,1,1,1,1,10001446
244,1,1,1,1,1,10001453
245,0,0,0,0,0,10001458
246,1,1,1,1,1,10001459
247,1,1,1,1,1,10001460
248,1,1,1,2,2,10001473
249,1,1,1,1,1,10001479
250,1,1,1,1,1,10001482
251,1,1,1,1,1,10001484
252,1,1,1,1,2,10001485
253,1,1,1,1,1,10001487
254,1,1,1,1,1,10001494
255,1,1,1,1,1,10001498
256,1,1,1,1,1,10001504
257,1,1,1,2,2,10001508
258,1,1,1,1,1,10001512
259,1,1,1,1,1,10001515
260,1,1,1,1,2,10001516
261,1,1,0,1,1,10001520
262,1,1,1,1,1,10001522
263,1,1,2,1,2,10001538
264,1,1,1,1,1,10001543
265,1,1,1,1,1,10001545
266,1,2,2,1,1,10001549
267,1,2,2,1,1,10001550
268,1,1,1,1,1,10001554
269,1,1,1,1,2,10001558
270,1,1,2,1,1,10001560
271,1,1,1,2,2,10001592
272,1,1,1,1,1,10001604
273,0,0,0,0,0,10001616
274,1,1,1,1,1,10001621
275,1,1,0,1,1,10001622
276,1,1,1,1,1,10001625
277,1,1,1,1,1,10001634
278,1,1,1,1,1,10001647
279,2,2,2,2,1,10001655
280,1,1,1,1,1,10001658
281,1,1,1,1,1,10001660
282,2,2,2,2,2,10001662
283,0,0,0,0,0,10001663
284,1,1,1,1,1,10001668
285,1,1,2,2,2,10001684
286,1,1,1,1,1,10001688
287,1,1,0,0,1,10001692
288,1,1,1,1,1,10001693
289,1,1,1,1,1,10001701
290,1,1,1,1,1,10001704
291,1,1,1,1,2,10001706
292,0,0,0,1,1,10001707
293,1,1,1,1,1,10001708
294,1,1,1,1,1,10001712
295,1,1,1,1,2,10001713
296,1,1,1,1,2,10001715
297,1,1,1,1,1,10001726
298,1,1,1,2,1,10001727
299,1,1,1,2,1,10001730
300,1,1,1,1,1,10001734
301,1,1,1,1,1,10001738
302,1,1,1,1,1,10001750
303,1,1,0,1,1,10001753
304,1,1,2,2,2,10001755
305,1,1,1,1,2,10001756
306,1,1,1,1,1,10001768
307,1,1,1,1,1,10001773
308,0,0,0,0,0,10001777
309,1,1,1,1,1,10001779
310,1,2,2,2,2,10001780
311,1,1,1,1,2,10001783
312,1,1,1,1,1,10001787
313,1,2,2,2,2,10001797
314,1,2,1,1,2,10001802
315,1,1,1,2,2,10001809
316,1,1,1,1,1,10001815
317,1,1,1,1,1,10001817
318,1,1,1,1,1,10001831
319,0,0,0,0,0,10001835
320,1,1,1,1,1,10001840
321,1,1,1,1,2,10001841
322,0,0,0,0,0,10001844
323,1,1,1,1,1,10001847
324,1,1,1,1,1,10001857
325,1,1,1,1,1,10001880
326,1,1,1,1,1,10001898
327,1,1,1,1,1,10001899
328,1,1,1,1,2,10001905
329,1,1,1,1,2,10001914
330,1,2,1,1,1,10001920
331,1,1,1,1,2,10001922
332,1,1,1,1,1,10001927
333,1,1,1,1,1,10001934
334,0,0,0,0,0,10001937
335,1,1,1,1,1,10001938
336,1,1,2,1,2,10001947
337,1,1,1,1,1,10001961
338,1,1,1,2,2,10001967
339,1,1,1,2,1,10001971
340,1,1,0,0,1,10001978
341,1,1,1,1,1,10001980
342,1,1,1,1,1,10001984
343,1,1,1,1,1,10001989
344,1,1,2,2,1,10001998
345,1,1,1,1,1,10002002
346,1,2,2,2,2,10002011
347,1,1,1,1,1,10002012
348,1,1,1,1,1,10002013
349,1,1,2,2,2,10002017
350,1,1,1,1,1,10002018
351,1,1,1,2,2,10002020
352,1,1,2,1,2,10002021
353,1,1,1,1,1,10002034
354,1,2,2,1,2,10002043
355,1,1,2,2,2,10002050
356,1,1,1,1,1,10002059
357,1,1,1,1,1,10002064
358,1,1,1,1,1,10002067
359,1,1,1,1,1,10002069
360,1,1,1,1,1,10002070
361,1,1,1,1,1,10002073
362,1,2,2,1,1,10002076
363,1,1,1,1,1,10002080
364,1,1,1,1,1,10002083
365,1,1,1,1,1,10002093
366,0,0,0,0,0,10002099
367,1,1,1,1,1,10002104
368,1,1,1,1,1,10002105
369,1,1,1,1,1,10002118
370,1,1,1,1,1,10002126
371,1,1,1,1,2,10002134
372,0,0,0,0,0,10002136
373,1,1,1,1,1,10002143
374,1,1,1,1,1,10002144
375,1,1,1,1,1,10002146
376,0,0,0,0,0,10002150
377,1,1,1,1,1,10002152
378,1,1,0,2,2,10002154
379,1,1,1,1,1,10002159
380,1,1,1,1,1,10002168
381,1,1,1,1,1,10002169
382,1,1,1,1,1,10002171
383,1,1,1,1,1,10002173
384,1,1,1,1,1,10002181
385,1,1,1,1,1,10002182
386,1,1,1,1,2,10002203
387,1,1,1,1,1,10002205
388,1,1,1,1,1,10002209
389,1,1,1,1,1,10002211
390,1,1,1,1,1,10002221
391,1,1,1,1,1,10002229
392,0,0,0,0,0,10002232
393,1,1,1,1,1,10002233
394,1,1,1,1,1,10002236
395,1,1,1,1,1,10002237
396,1,1,1,2,2,10002239
397,1,1,1,1,1,10002240
398,1,1,1,1,1,10002245
399,1,1,1,1,1,10002249
400,0,0,0,0,1,10002255
401,1,1,1,1,1,10002256
402,1,1,1,1,1,10002260
403,1,1,1,1,1,10002261
404,1,1,1,1,1,10002263
405,1,1,1,1,1,10002264
406,1,1,1,1,1,10002266
407,1,1,1,2,2,10002272
408,1,1,1,1,1,10002285
409,1,1,1,2,2,10002294
410,1,1,1,1,1,10002295
411,1,2,2,2,2,10002296
412,1,1,1,1,2,10002297
413,0,0,0,0,0,10002304
414,1,1,1,1,1,10002306
415,1,1,1,1,0,10002310
416,1,1,1,1,1,10002325
417,1,1,1,1,1,10002332
418,1,1,1,1,1,10002334
419,1,1,2,1,2,10002335
420,1,1,1,1,1,10002344
421,1,1,1,1,2,10002345
422,1,1,1,1,1,10002346
423,0,0,0,0,0,10002354
424,1,1,1,1,1,10002357
425,1,1,1,1,1,10002358
426,1,1,1,2,1,10002369
427,1,1,1,1,2,10002370
428,1,1,1,1,1,10002376
429,1,1,1,1,1,10002378
430,1,1,1,1,1,10002381
431,1,1,2,2,2,10002382
432,1,1,1,2,2,10002383
433,1,1,1,1,1,10002384
434,1,1,1,1,1,10002392
435,1,1,1,1,1,10002394
436,1,1,1,1,2,10002395
437,1,1,1,1,2,10002396
438,0,0,0,0,0,10002401
439,1,1,1,1,1,10002402
440,1,1,1,1,1,10002411
441,1,1,1,1,1,10002412
442,1,1,1,1,1,10002418
443,1,1,1,1,1,10002419
444,1,1,1,1,1,10002420
445,1,1,1,1,2,10002423
446,0,0,0,0,1,10002427
447,0,0,0,0,0,10002430
448,1,1,1,2,2,10002441
449,1,1,1,1,1,10002451
450,1,1,1,1,1,10002456
451,0,0,0,0,0,10002457
452,1,1,1,1,1,10002460
453,1,1,1,1,0,10002461
454,1,1,1,2,1,10002465
455,0,0,0,0,0,10002466
456,1,1,1,1,1,10002468
457,1,1,1,1,1,10002469
458,1,1,1,1,1,10002470
459,1,1,1,1,1,10002472
460,1,1,1,2,1,10002474
461,1,1,1,1,1,10002476
462,0,0,0,0,0,10002477
463,1,1,1,1,2,10002480
464,0,0,0,0,0,10002488
465,1,1,1,1,2,10002492
466,0,0,0,0,0,10002493
467,1,1,1,1,1,10002497
468,1,1,1,1,1,10002508
469,1,1,1,1,1,10002509
470,1,1,1,1,1,10002522
471,1,1,1,2,2,10002524
472,1,1,1,1,1,10002526
473,1,1,1,1,1,10002531
474,1,1,1,1,1,10002533
475,1,1,1,1,2,10002535
476,0,0,0,0,0,10002538
477,1,1,1,1,1,10002543
478,1,1,1,1,1,10002545
479,1,1,1,1,1,10002551
480,1,1,1,1,1,10002555
481,1,1,1,1,1,10002564
482,1,2,1,1,2,10002570
483,0,0,0,2,2,10002571
484,1,1,1,1,1,10002575
485,1,1,1,1,1,10002579
486,1,1,1,1,1,10002585
487,1,1,1,1,2,10002594
488,1,1,1,2,1,10002626
489,1,1,1,1,1,10002630
490,1,1,1,1,1,10002633
491,1,1,1,1,1,10002646
492,1,2,2,1,1,10002648
493,0,0,0,0,1,10002650
494,1,1,1,1,1,10002654
495,1,1,1,1,1,10002670
496,1,1,1,1,1,10002679
497,1,1,1,1,1,10002687
498,0,0,0,0,0,10002688
499,1,1,1,1,1,10002704
500,1,1,1,1,1,10002711
501,1,1,1,1,1,10002712
502,0,0,0,0,0,10002720
503,1,1,0,0,0,10002733
504,1,1,1,1,1,10002734
505,0,0,0,0,0,10002737
506,0,0,0,0,0,10002740
507,1,1,1,1,1,10002749
508,1,1,1,1,1,10002751
509,1,1,1,1,1,10002766
510,1,1,1,1,1,10002769
511,1,2,2,2,2,10002772
512,1,1,1,1,1,10002787
513,1,2,2,2,2,10002789
514,1,1,1,1,1,10002797
515,1,1,1,1,1,10002803
516,1,1,2,2,2,10002806
517,1,1,1,1,1,10002808
518,1,1,1,1,1,10002813
519,1,1,1,1,1,10002816
520,1,1,2,2,2,10002817
521,1,1,1,1,1,10002818
522,1,1,1,1,2,10002820
523,1,1,1,1,2,10002828
524,1,1,1,1,1,10002831
525,1,1,1,1,1,10002833
526,1,1,1,1,2,10002834
527,0,0,0,0,0,10002836
528,1,1,1,1,1,10002839
529,1,1,1,1,2,10002848
530,1,1,1,1,1,10002855
531,1,1,2,2,1,10002864
532,1,1,1,1,1,10002868
533,0,0,0,0,0,10002874
534,1,1,1,1,1,10002875
535,1,1,1,1,1,10002882
536,1,1,1,1,1,10002886
537,1,1,1,1,2,10002899
538,1,1,1,2,1,10002901
539,0,0,0,1,1,10002908
540,1,1,1,1,2,10002935
541,2,2,2,2,2,10002948
542,1,1,1,2,2,10002949
543,1,1,1,1,1,10002952
544,1,1,1,1,1,10002953
545,1,1,1,1,1,10002959
546,1,1,1,2,2,10002964
547,1,1,1,1,0,10002971
548,1,1,1,1,2,10002978
549,1,1,1,2,2,10002982
550,1,1,1,1,2,10002993
551,1,1,1,0,1,10002996
552,0,0,0,0,0,10003012
553,1,1,1,1,1,10003015
554,1,1,1,2,2,10003019
555,1,1,1,1,2,10003027
556,1,1,1,1,1,10003030
557,0,0,0,0,0,10003031
558,1,1,1,1,1,10003034
559,1,1,1,1,1,10003048
560,1,1,1,1,2,10003055
561,1,1,1,1,1,10003056
562,1,1,1,2,2,10003063
563,1,1,1,1,1,10003072
564,1,1,1,1,1,10003073
565,1,1,1,1,1,10003099
566,1,1,1,1,1,10003104
567,1,1,1,1,1,10003105
568,1,1,1,1,2,10003114
569,1,1,1,1,1,10003116
570,1,1,1,1,1,10003117
571,1,1,1,1,2,10003119
572,1,1,1,1,0,10003124
573,1,1,1,1,1,10003127
574,1,1,1,1,1,10003136
575,1,1,2,2,2,10003147
576,1,1,1,1,1,10003149
577,1,1,1,1,1,10003156
578,1,1,1,1,1,10003167
579,1,1,1,1,1,10003169
580,1,1,1,1,1,10003172
581,1,1,1,1,1,10003174
582,1,1,1,1,1,10003176
583,1,1,1,1,1,10003179
584,1,1,1,2,1,10003187
585,1,1,2,2,2,10003188
586,1,1,1,1,1,10003198
587,0,0,0,0,0,10003210
588,0,0,0,0,0,10003218
589,1,1,1,2,1,10003228
590,1,1,1,1,1,10003233
591,1,1,1,1,1,10003234
592,1,1,1,1,1,10003235
593,1,1,1,1,2,10003238
594,1,1,1,1,1,10003250
595,0,0,0,0,0,10003253
596,0,0,0,0,0,10003256
597,1,1,1,1,1,10003259
598,0,0,0,0,2,10003263
599,1,1,1,0,2,10003264
600,1,1,1,2,2,10003265
601,1,1,1,1,1,10003268
602,1,2,2,2,2,10003282
603,1,1,1,1,1,10003283
604,1,1,1,1,1,10003287
605,1,1,1,1,0,10003295
606,1,1,1,1,1,10003298
607,1,1,1,1,2,10003306
608,0,0,0,0,0,10003315
609,1,1,1,1,1,10003317
610,1,1,1,1,2,10003331
611,1,1,1,1,2,10003343
612,1,1,1,1,1,10003344
613,0,0,0,0,0,10003348
614,1,1,2,1,1,10003350
615,1,1,1,1,1,10003354
616,1,1,1,1,1,10003370
617,0,0,0,0,0,10003371
618,1,1,1,1,1,10003378
619,1,1,1,1,1,10003380
620,1,1,1,1,1,10003381
621,1,1,2,1,1,10003383
622,1,1,1,1,1,10003384
623,1,1,1,1,1,10003386
624,0,0,0,0,0,10003389
625,1,1,1,1,1,10003395
626,1,1,1,1,1,10003398
627,0,0,0,0,0,10003403
628,1,1,1,1,1,10003405
629,1,1,1,1,2,10003426
630,0,0,0,0,0,10003429
631,1,1,1,1,1,10003432
632,1,1,1,1,2,10003447
633,0,0,0,0,0,10003448
634,0,0,0,0,0,10003452
635,1,1,1,1,2,10003457
636,1,1,1,1,2,10003480
637,1,1,1,1,1,10003484
638,2,2,2,2,2,10003493
639,1,1,1,1,1,10003495
640,0,0,0,0,0,10003499
641,1,1,1,1,2,10003504
642,1,1,1,1,1,10003510
643,1,1,1,1,1,10003512
644,1,1,1,1,1,10003515
645,1,1,1,2,1,10003516
646,1,1,1,2,1,10003520
647,1,1,1,1,1,10003525
648,1,1,1,1,1,10003530
649,1,1,1,1,1,10003536
650,0,0,0,0,0,10003538
651,1,1,1,1,1,10003556
652,1,1,1,1,1,10003558
653,1,1,1,2,2,10003566
654,1,1,1,1,1,10003567
655,1,1,1,1,1,10003568
656,1,1,1,1,1,10003573
657,1,1,1,1,1,10003581
658,1,1,1,2,2,10003585
659,1,1,1,1,1,10003587
660,0,0,0,0,1,10003590
661,0,0,0,0,0,10003594
662,1,1,1,1,1,10003596
663,0,0,0,0,0,10003598
664,1,1,1,1,1,10003617
665,1,1,2,1,1,10003631
666,1,1,1,1,1,10003633
667,1,1,1,2,2,10003636
668,1,1,1,1,1,10003644
669,1,1,1,1,1,10003647
670,1,1,1,1,1,10003651
671,1,1,1,1,1,10003654
672,1,1,1,1,1,10003662
673,1,1,2,2,1,10003663
674,1,1,1,2,1,10003681
675,1,1,1,1,1,10003686
676,1,1,1,1,1,10003688
677,1,1,1,1,1,10003696
678,1,1,1,1,1,10003698
679,1,1,1,1,2,10003705
680,1,1,2,2,1,10003711
681,1,1,1,1,1,10003736
682,1,1,1,1,1,10003743
683,0,0,0,0,0,10003747
684,1,1,1,2,1,10003750
685,1,1,1,2,1,10003755
686,1,1,0,0,2,10003759
687,1,1,1,1,1,10003761
688,1,1,1,1,1,10003763
689,1,1,1,1,1,10003764
690,1,1,1,1,1,10003774
691,1,1,1,1,1,10003778
692,1,1,1,1,1,10003788
693,1,1,1,1,1,10003789
694,1,1,1,1,1,10003791
695,0,0,0,0,0,10003800
696,1,1,1,1,1,10003803
697,1,1,1,2,2,10003806
698,1,1,1,1,1,10003808
699,1,1,1,1,2,10003814
700,1,1,1,1,1,10003815
701,1,1,1,1,1,10003818
702,1,1,1,1,2,10003823
703,1,2,2,1,2,10003833
704,1,1,1,2,2,10003843
705,1,1,1,1,1,10003850
706,1,1,1,1,1,10003856
707,1,2,2,2,2,10003860
708,1,1,1,1,1,10003863
709,2,2,2,2,2,10003866
710,1,1,1,1,2,10003867
711,1,1,1,1,2,10003869
712,1,1,1,1,0,10003881
713,1,1,1,1,1,10003884
714,0,0,0,0,0,10003891
715,0,0,0,0,0,10003892
716,1,1,1,1,1,10003902
717,1,1,1,1,1,10003909
718,1,1,1,1,1,10003910
719,1,1,1,0,0,10003915
720,1,1,1,1,1,10003916
721,1,1,1,1,1,10003920
722,1,1,1,1,1,10003922
723,1,1,2,2,2,10003925
724,1,1,1,2,2,10003929
725,1,1,1,1,1,10003931
726,1,1,1,1,1,10003939
727,1,1,1,1,1,10003958
728,1,1,1,1,1,10003961
729,0,0,0,0,0,10003968
730,1,1,1,1,1,10003976
731,1,1,1,1,1,10003983
732,1,1,1,1,1,10003984
733,1,1,1,1,1,10003986
734,1,1,1,1,1,10003987
735,1,1,1,1,1,10003989
736,1,1,1,1,1,10004000
737,1,1,1,1,1,10004002
738,1,1,1,1,1,10004008
739,1,1,2,2,2,10004009
740,1,1,1,1,2,10004017
741,1,1,1,1,1,10004018
742,1,1,1,1,1,10004020
743,1,2,2,1,2,10004024
744,0,0,0,0,0,10004026
745,1,1,1,1,1,10004031
746,1,1,1,1,2,10004034
747,1,1,1,1,1,10004035
748,1,1,1,2,1,10004039
749,1,1,1,1,1,10004045
750,1,1,1,1,1,10004052
751,1,1,1,1,2,10004053
752,1,1,1,1,1,10004058
753,1,1,1,1,1,10004063
754,1,1,1,1,1,10004069
755,1,1,1,1,1,10004076
756,1,1,1,1,1,10004078
757,0,0,0,0,0,10004088
758,1,1,1,1,1,10004092
759,1,1,1,2,2,10004095
760,1,1,1,1,2,10004096
761,1,1,1,1,1,10004102
762,0,0,0,0,0,10004104
763,1,1,1,2,2,10004110
764,1,1,2,1,2,10004115
765,0,0,0,0,0,10004117
766,1,1,1,1,1,10004118
767,0,0,0,0,0,10004120
768,0,0,0,0,0,10004122
769,1,1,1,1,1,10004126
770,1,1,1,1,1,10004131
771,1,1,1,2,2,10004135
772,1,1,1,2,1,10004136
773,1,1,1,1,2,10004147
774,1,1,1,2,2,10004149
775,1,1,1,1,1,10004152
776,1,1,1,1,1,10004156
777,1,1,1,1,1,10004160
778,1,1,1,1,1,10004164
779,1,1,1,1,1,10004166
780,1,1,1,2,1,10004171
781,1,1,1,1,2,10004179
782,1,1,1,1,1,10004189
783,1,1,1,1,1,10004195
784,1,1,1,1,1,10004197
785,1,1,1,1,0,10004199
786,1,1,1,1,1,10004204
787,1,1,1,1,1,10004205
788,0,0,0,0,0,10004207
789,1,1,1,1,1,10004208
790,1,1,1,1,1,10004209
791,1,1,1,1,1,10004212
792,1,1,1,1,1,10004215
793,1,1,1,1,1,10004230
794,1,1,1,2,2,10004236
795,1,1,2,2,1,10004241
796,1,1,1,1,1,10004245
797,1,1,1,1,1,10004249
798,1,1,2,2,2,10004255
799,1,1,1,2,2,10004264
800,1,1,1,1,1,10004265
801,1,1,1,1,2,10004280
802,1,1,1,1,1,10004285
803,0,0,0,0,0,10004288
804,1,1,1,1,1,10004299
805,1,1,1,1,1,10004305
806,0,0,0,0,0,10004307
807,1,1,0,0,1,10004310
808,0,0,0,0,0,10004314
809,1,1,1,2,2,10004323
810,1,1,2,2,2,10004324
811,1,1,1,0,0,10004325
812,1,1,1,1,1,10004329
813,1,1,1,1,1,10004330
814,1,1,1,1,1,10004336
815,1,1,1,1,1,10004337
816,1,1,1,1,1,10004345
817,1,1,1,1,1,10004346
818,1,1,1,2,1,10004358
819,1,2,1,1,1,10004367
820,1,1,1,2,1,10004373
821,1,1,0,1,1,10004376
822,1,1,1,1,1,10004380
823,1,1,1,1,1,10004385
824,1,1,1,1,1,10004388
825,1,1,1,2,2,10004393
826,1,1,1,1,1,10004394
827,1,1,1,1,2,10004402
828,1,1,1,1,1,10004404
829,0,0,0,0,0,10004408
830,0,0,0,0,0,10004412
831,1,1,1,1,2,10004416
832,1,1,1,1,1,10004422
833,1,1,1,1,0,10004428
834,1,1,1,1,1,10004430
835,1,1,1,1,1,10004431
836,1,1,1,2,2,10004444
837,1,1,1,1,1,10004454
838,1,1,1,1,1,10004460
839,1,1,1,2,2,10004464
840,1,1,1,0,2,10004474
841,0,0,0,2,2,10004476
842,1,1,1,1,1,10004478
843,1,1,1,1,2,10004480
844,1,1,1,1,1,10004481
845,1,1,1,1,2,10004487
846,1,1,1,1,0,10004490
847,1,1,1,1,2,10004501
848,1,1,1,1,2,10004503
849,1,1,1,1,1,10004509
850,1,1,1,1,2,10004514
851,1,1,1,1,1,10004516
852,1,1,1,1,1,10004523
853,1,1,1,1,1,10004524
854,1,1,1,1,1,10004527
855,1,1,1,1,2,10004535
856,1,1,1,2,2,10004538
857,1,1,1,2,1,10004542
858,1,1,1,1,1,10004544
859,1,1,1,1,1,10004550
860,1,1,2,2,1,10004551
861,1,1,1,1,1,10004555
862,1,1,1,2,2,10004559
863,1,2,1,1,2,10004565
864,1,1,2,1,1,10004566
865,1,1,1,1,1,10004567
866,1,1,1,1,1,10004573
867,1,1,1,1,1,10004577
868,1,1,1,1,1,10004587
869,1,1,1,1,1,10004590
870,1,1,1,1,2,10004601
871,0,0,0,0,0,10004604
872,1,1,1,1,1,10004613
873,1,1,2,2,1,10004621
874,1,1,1,1,1,10004622
875,1,1,1,1,1,10004624
876,1,1,2,2,2,10004648
877,1,1,1,1,1,10004652
878,1,1,1,1,1,10004658
879,1,1,1,1,1,10004664
880,1,1,1,1,1,10004666
881,1,1,1,1,1,10004675
882,1,1,1,1,1,10004676
883,1,1,1,0,1,10004678
884,1,1,2,2,2,10004683
885,0,0,0,0,0,10004686
886,1,1,1,1,1,10004687
887,1,1,1,2,2,10004713
888,1,1,1,1,1,10004731
889,1,1,1,1,1,10004733
890,1,1,1,1,1,10004734
891,1,1,1,1,2,10004735
892,1,1,1,1,0,10004740
893,1,1,1,1,1,10004741
894,1,1,1,1,1,10004753
895,1,1,1,1,1,10004769
896,0,0,0,0,0,10004772
897,1,1,1,1,1,10004785
898,1,1,1,1,1,10004789
899,1,1,1,1,1,10004798
900,1,1,1,1,1,10004817
901,0,0,0,0,0,10004821
902,1,1,1,1,1,10004823
903,1,1,1,1,1,10004829
904,1,1,1,1,1,10004835
905,1,1,1,1,1,10004840
906,1,1,1,2,2,10004844
907,1,1,1,1,1,10004853
908,1,1,1,1,1,10004856
909,1,1,2,2,1,10004861
910,0,0,0,0,0,10004866
911,1,1,1,1,1,10004868
912,1,1,1,1,1,10004871
913,1,1,1,0,0,10004874
914,1,1,1,1,1,10004875
915,0,0,0,0,0,10004882
916,1,1,1,1,1,10004883
917,1,1,0,1,1,10004889
918,1,1,1,1,1,10004890
919,0,0,0,0,0,10004893
920,0,0,0,0,0,10004913
921,1,1,1,1,1,10004918
922,1,1,1,1,1,10004922
923,1,1,1,1,1,10004924
924,1,1,1,1,1,10004938
925,1,1,1,2,1,10004948
926,0,0,0,0,0,10004949
927,1,1,2,1,2,10004951
928,0,0,0,0,0,10004959
929,1,1,1,1,1,10004965
930,1,1,1,1,1,10004982
931,0,0,0,0,0,10004987
932,1,1,1,1,1,10004989
933,0,0,0,0,0,10004990
934,1,1,1,1,1,10004998
935,1,1,1,1,1,10005000
936,1,2,2,2,2,10005002
937,1,1,1,1,1,10005003
938,1,2,2,2,2,10005005
939,1,1,1,1,1,10005014
940,1,1,1,1,1,10005019
941,0,0,0,0,0,10005020
942,1,1,1,1,1,10005028
943,1,1,1,1,1,10005045
944,1,1,1,1,1,10005047
945,0,0,0,0,0,10005059
946,1,1,1,1,1,10005063
947,1,1,1,1,1,10005069
948,0,0,0,0,0,10005073
949,1,1,1,1,2,10005083
950,1,1,1,1,1,10005086
951,1,1,1,0,1,10005092
952,1,1,1,1,1,10005093
953,1,1,1,2,2,10005097
954,1,1,1,1,1,10005099
955,1,1,1,1,1,10005104
956,1,2,2,2,2,10005106
957,1,1,1,1,1,10005111
958,1,1,1,1,1,10005113
959,1,1,1,1,1,10005123
960,1,1,1,1,2,10005124
961,1,1,2,2,2,10005134
962,1,1,1,1,1,10005136
963,1,1,1,1,1,10005138
964,0,0,0,2,1,10005144
965,1,1,1,1,1,10005148
966,1,1,1,1,1,10005153
967,1,1,1,1,1,10005156
968,1,1,2,2,2,10005166
969,0,0,0,0,1,10005167
970,1,1,1,1,2,10005168
971,1,1,1,1,2,10005175
972,1,1,1,1,1,10005176
973,1,1,1,1,1,10005183
974,1,1,1,1,1,10005191
975,1,1,0,1,1,10005192
976,1,1,1,1,1,10005197
977,1,1,1,1,1,10005198
978,1,1,1,0,0,10005200
979,1,1,1,1,1,10005211
980,1,1,2,2,1,10005217
981,1,1,1,1,2,10005220
982,1,1,1,1,1,10005222
983,1,1,0,0,0,10005225
984,1,1,1,1,1,10005227
985,1,1,1,1,1,10005233
986,1,1,1,1,1,10005238
987,1,2,2,2,2,10005239
988,1,2,2,1,1,10005240
989,1,1,1,1,1,10005243
990,1,1,2,2,1,10005246
991,1,1,1,1,1,10005247
992,1,1,1,0,0,10005248
993,1,1,1,1,1,10005249
994,1,1,1,2,1,10005253
995,1,1,1,1,1,10005261
996,1,1,1,1,1,10005262
997,0,0,0,0,0,10005264
998,1,1,1,1,1,10005267
999,1,2,2,2,2,10005280
1000,0,0,0,0,0,10005282
1001,0,0,0,0,0,10005283
1002,1,1,1,1,1,10005286
1003,1,1,1,1,1,10005290
1004,1,1,1,1,1,10005291
1005,1,1,1,1,1,10005292
1006,1,2,2,2,2,10005294
1007,1,1,1,1,1,10005296
1008,1,1,1,2,2,10005299
1009,1,1,1,1,1,10005303
1010,1,1,1,1,1,10005318
1011,1,1,1,1,2,10005321
1012,1,1,2,2,2,10005325
1013,1,1,1,1,2,10005327
1014,1,1,2,2,2,10005329
1015,1,2,2,1,1,10005332
1016,1,1,2,2,2,10005340
1017,1,2,1,1,2,10005342
1018,1,1,1,1,2,10005343
1019,1,1,1,1,1,10005346
1020,1,1,1,1,1,10005348
1021,1,1,1,1,2,10005351
1022,1,2,1,1,1,10005353
1023,1,1,1,1,1,10005356
1024,1,1,1,1,1,10005364
1025,0,0,0,0,0,10005372
1026,1,1,1,0,1,10005376
1027,1,1,1,1,1,10005377
1028,1,1,1,1,1,10005380
1029,1,1,0,0,0,10005382
1030,1,1,1,1,1,10005387
1031,1,1,1,1,1,10005390
1032,1,1,2,1,2,10005391
1033,1,1,1,1,2,10005394
1034,1,1,1,2,2,10005400
1035,1,1,1,1,2,10005401
1036,1,1,1,1,1,10005409
1037,1,1,1,2,2,10005411
1038,1,1,1,2,2,10005420
1039,0,0,0,0,0,10005451
1040,1,1,1,1,1,10005453
1041,1,1,1,1,1,10005457
1042,1,1,1,1,1,10005467
1043,1,1,1,1,1,10005469
1044,2,2,2,2,2,10005471
1045,1,1,2,1,1,10005476
1046,0,0,0,0,2,10005482
1047,1,1,1,1,1,10005483
1048,1,1,1,1,1,10005490
1049,2,2,2,2,2,10005492
1050,1,1,1,1,1,10005501
1051,1,1,1,1,1,10005507
1052,1,1,1,1,1,10005511
1053,1,1,1,1,2,10005512
1054,1,1,1,1,1,10005519
1055,1,1,1,1,1,10005521
1056,1,1,1,1,1,10005522
1057,1,1,2,2,2,10005526
1058,1,1,1,1,1,10005530
1059,1,1,1,1,1,10005539
1060,1,1,1,1,1,10005540
1061,1,1,1,1,2,10005541
1062,1,1,1,1,1,10005550
1063,1,1,1,1,1,10005552
1064,1,1,1,1,1,10005553
1065,0,0,0,0,0,10005555
1066,1,1,1,2,2,10005561
1067,1,1,1,1,2,10005564
1068,0,0,0,0,0,10005567
1069,1,1,0,0,0,10005574
1070,0,0,0,0,0,10005575
1071,1,1,1,1,1,10005580
1072,1,1,1,1,1,10005581
1073,1,1,2,1,1,10005582
1074,1,1,1,1,1,10005597
1075,1,1,1,1,1,10005600
1076,1,1,1,1,1,10005601
1077,1,1,1,1,1,10005606
1078,1,1,1,1,1,10005609
1079,1,1,1,1,1,10005613
1080,1,1,1,1,2,10005615
1081,1,1,1,1,1,10005619
1082,1,1,1,1,2,10005623
1083,1,1,1,1,1,10005630
1084,1,1,1,1,1,10005632
1085,1,1,1,1,1,10005639
1086,1,1,1,1,1,10005641
1087,0,0,0,0,0,10005644
1088,1,1,1,1,1,10005645
1089,0,0,0,0,0,10005651
1090,1,1,1,1,1,10005655
1091,1,1,1,1,2,10005657
1092,1,1,2,2,2,10005663
1093,1,1,1,1,1,10005665
1094,2,2,2,2,2,10005680
1095,1,1,1,1,1,10005684
1096,0,0,0,0,0,10005685
1097,1,1,1,2,2,10005689
1098,1,1,1,1,1,10005692
1099,1,1,1,1,1,10005701
1100,0,0,0,0,0,10005708
1101,1,1,1,1,2,10005723
1102,1,1,1,2,1,10005729
1103,1,1,1,1,1,10005737
1104,1,1,1,1,1,10005738
1105,1,1,1,1,1,10005739
1106,1,1,1,2,2,10005741
1107,1,1,1,1,1,10005742
1108,1,1,1,2,2,10005750
1109,2,2,2,1,1,10005752
1110,1,1,1,1,1,10005754
1111,1,1,1,1,1,10005756
1112,1,1,1,1,1,10005759
1113,1,1,1,1,1,10005761
1114,1,1,1,2,0,10005762
1115,1,1,2,2,1,10005763
1116,2,2,2,2,2,10005764
1117,1,1,1,1,1,10005765
1118,1,1,1,1,1,10005770
1119,0,0,0,0,0,10005782
1120,1,1,1,1,1,10005785
1121,1,1,1,1,1,10005793
1122,1,1,1,2,1,10005797
1123,1,1,1,1,2,10005798
1124,2,2,2,2,2,10005799
1125,1,1,1,1,1,10005802
1126,1,1,1,1,1,10005806
1127,2,2,2,2,1,10005807
1128,1,1,1,1,1,10005810
1129,1,1,1,1,1,10005813
1130,1,1,1,1,1,10005818
1131,1,1,1,1,1,10005820
1132,1,1,1,2,2,10005821
1133,1,1,1,1,2,10005824
1134,1,1,1,1,1,10005825
1135,1,1,1,1,2,10005828
1136,1,1,1,1,2,10005832
1137,1,1,2,2,2,10005833
1138,1,2,2,2,2,10005844
1139,1,1,1,1,1,10005847
1140,1,1,1,1,1,10005848
1141,1,1,1,1,1,10005850
1142,1,1,0,1,1,10005855
1143,0,0,0,0,0,10005859
1144,1,1,1,1,1,10005860
1145,1,1,1,1,1,10005866
1146,1,1,1,1,2,10005867
1147,1,1,1,1,2,10005873
1148,1,1,1,1,1,10005881
1149,1,1,1,1,1,10005890
1150,1,1,1,1,1,10005893
1151,1,1,1,1,1,10005897
1152,1,1,1,1,1,10005902
1153,1,1,1,1,1,10005905
1154,1,1,1,1,1,10005919
1155,1,1,1,1,1,10005920
1156,0,0,0,0,0,10005923
1157,1,1,1,1,1,10005927
1158,1,1,1,1,1,10005934
1159,1,1,1,1,1,10005941
1160,1,1,1,1,2,10005947
1161,1,1,1,1,1,10005953
1162,0,0,0,0,0,10005964
1163,1,1,1,1,1,10005969
1164,1,2,1,2,2,10005981
1165,1,1,1,1,1,10005988
1166,1,1,1,1,1,10005992
1167,1,1,1,1,1,10005994
1168,0,0,0,0,0,10006001
1169,0,0,0,2,1,10006009
1170,1,1,1,1,1,10006011
1171,1,2,2,2,2,10006028
1172,1,1,1,1,1,10006040
1173,1,1,1,1,1,10006042
1174,1,1,1,1,2,10006043
1175,1,1,1,2,1,10006046
1176,1,1,1,1,1,10006052
1177,1,1,1,1,2,10006053
1178,0,0,0,0,1,10006055
1179,1,1,1,2,2,10006057
1180,1,1,1,1,1,10006064
1181,0,0,0,0,0,10006068
1182,1,2,2,2,2,10006073
1183,1,1,1,1,2,10006078
1184,0,0,0,0,0,10006092
1185,1,1,1,1,1,10006093
1186,1,1,1,1,1,10006094
1187,1,1,1,1,1,10006097
1188,1,1,1,1,1,10006101
1189,1,1,1,1,1,10006113
1190,1,1,1,1,1,10006114
1191,1,1,1,1,1,10006116
1192,1,1,1,1,1,10006132
1193,1,1,2,1,2,10006154
1194,0,0,0,0,0,10006155
1195,1,1,1,1,1,10006156
1196,1,1,1,1,1,10006157
1197,1,1,1,2,1,10006167
1198,1,1,1,1,1,10006169
1199,0,0,0,0,0,10006178
1200,1,1,0,0,0,10006180
1201,1,1,1,1,1,10006194
1202,1,1,1,1,1,10006204
1203,2,2,2,2,2,10006223
1204,1,1,2,2,1,10006225
1205,1,1,1,1,1,10006226
1206,1,1,2,2,2,10006233
1207,1,1,1,1,1,10006234
1208,0,0,0,0,0,10006236
1209,1,1,1,1,1,10006239
1210,1,1,1,2,2,10006245
1211,1,1,1,1,1,10006247
1212,1,1,1,1,1,10006249
1213,1,1,1,1,2,10006253
1214,0,0,0,0,0,10006256
1215,1,1,1,1,2,10006257
1216,1,1,2,2,2,10006276
1217,1,1,1,1,1,10006280
1218,1,1,2,2,2,10006288
1219,2,2,2,2,1,10006295
1220,0,0,0,0,0,10006305
1221,1,1,1,1,1,10006307
1222,1,2,2,2,1,10006308
1223,2,2,2,2,1,10006314
1224,1,1,1,1,1,10006323
1225,1,1,1,1,1,10006326
1226,1,1,1,1,1,10006327
1227,1,1,1,1,1,10006329
1228,1,1,1,1,1,10006334
1229,1,1,1,1,1,10006343
1230,1,1,1,1,1,10006350
1231,1,1,2,2,2,10006351
1232,1,1,1,1,1,10006355
1233,1,1,1,1,1,10006397
1234,1,1,1,1,1,10006402
1235,1,1,1,1,1,10006403
1236,1,1,1,1,1,10006404
1237,0,0,0,0,0,10006413
1238,1,1,1,1,1,10006422
1239,1,1,1,1,1,10006425
1240,1,1,1,1,1,10006431
1241,1,1,2,2,1,10006432
1242,1,1,2,1,1,10006440
1243,0,0,0,0,1,10006444
1244,1,1,2,2,1,10006450
1245,0,0,0,0,0,10006455
1246,1,1,1,1,1,10006459
1247,1,1,1,1,1,10006460
1248,1,1,1,1,2,10006462
1249,1,1,1,1,1,10006464
1250,0,0,0,0,0,10006466
1251,0,0,0,0,0,10006468
1252,1,1,1,1,1,10006471
1253,2,2,2,1,1,10006474
1254,1,1,1,1,1,10006484
1255,1,1,2,2,2,10006494
1256,1,1,1,2,2,10006505
1257,1,1,1,1,1,10006513
1258,1,1,1,1,1,10006515
1259,0,0,0,0,0,10006524
1260,1,1,1,1,1,10006525
1261,0,0,0,0,0,10006531
1262,1,1,1,1,2,10006537
1263,1,1,1,0,0,10006542
1264,0,0,0,0,0,10006543
1265,1,1,1,1,1,10006545
1266,1,1,1,1,1,10006547
1267,1,1,1,1,1,10006556
1268,1,1,1,1,1,10006557
1269,1,1,1,1,1,10006558
1270,0,0,0,0,1,10006560
1271,1,1,1,1,1,10006568
1272,1,1,2,2,2,10006573
1273,1,1,2,2,2,10006577
1274,1,1,1,1,1,10006585
1275,1,1,1,1,1,10006586
1276,1,1,1,1,1,10006595
1277,1,1,1,1,1,10006597
1278,1,1,1,1,2,10006600
1279,1,1,1,2,2,10006601
1280,1,1,1,1,1,10006608
1281,1,1,1,1,1,10006617
1282,1,1,1,1,2,10006625
1283,1,1,1,1,2,10006628
1284,1,1,1,1,1,10006630
1285,1,1,1,1,1,10006640
1286,0,0,0,0,0,10006642
1287,1,1,1,1,2,10006650
1288,1,1,1,1,1,10006651
1289,1,1,1,1,1,10006655
1290,1,1,1,1,1,10006660
1291,1,1,1,1,1,10006671
1292,1,1,1,2,2,10006672
1293,1,1,1,1,1,10006678
1294,1,1,1,1,1,10006688
1295,1,1,1,1,1,10006690
1296,1,1,1,1,1,10006694
1297,1,2,2,2,2,10006699
1298,0,0,0,0,0,10006707
1299,1,1,2,2,2,10006718
1300,1,1,1,2,2,10006724
1301,1,1,1,1,1,10006730
1302,1,1,1,1,1,10006732
1303,1,1,1,1,2,10006738
1304,1,1,1,1,1,10006744
1305,1,1,1,2,2,10006745
1306,1,1,1,1,1,10006747
1307,1,1,1,1,1,10006750
1308,1,2,2,2,2,10006751
1309,1,2,2,1,1,10006753
1310,1,1,1,2,2,10006754
1311,1,1,1,1,1,10006755
1312,1,1,1,1,1,10006759
1313,1,1,1,1,1,10006764
1314,1,1,1,1,1,10006773
1315,1,1,1,1,1,10006781
1316,1,1,1,0,2,10006782
1317,1,1,1,1,1,10006788
1318,1,1,1,1,1,10006795
1319,1,1,1,1,1,10006798
1320,1,1,1,1,1,10006799
1321,1,1,1,1,1,10006810
1322,1,1,1,1,1,10006814
1323,1,1,1,1,1,10006815
1324,0,0,0,0,0,10006821
1325,1,1,1,1,1,10006824
1326,1,1,1,1,1,10006826
1327,0,0,0,0,0,10006830
1328,1,1,2,2,2,10006839
1329,1,1,1,1,1,10006844
1330,1,1,1,1,1,10006846
1331,1,1,1,1,2,10006851
1332,1,1,1,2,2,10006863
1333,1,1,2,1,2,10006874
1334,1,1,1,1,1,10006876
1335,1,2,2,2,2,10006879
1336,1,1,1,1,1,10006889
1337,1,1,1,1,1,10006890
1338,1,1,2,2,2,10006896
1339,1,1,1,1,1,10006897
1340,1,1,1,1,1,10006899
1341,1,1,1,1,1,10006904
1342,1,1,1,1,0,10006921
1343,1,1,1,1,1,10006924
1344,1,1,2,1,1,10006928
1345,1,1,2,2,2,10006932
1346,1,1,1,2,2,10006933
1347,1,1,1,1,1,10006936
1348,1,1,1,1,1,10006939
1349,1,1,1,1,1,10006945
1350,1,1,1,1,1,10006949
1351,1,1,1,1,1,10006956
1352,2,2,2,2,2,10006959
1353,1,1,2,2,2,10006963
1354,1,1,1,1,1,10006964
1355,1,1,1,1,2,10006969
1356,1,1,1,1,1,10006974
1357,1,1,1,1,1,10006976
1358,1,1,1,1,1,10006980
1359,1,1,1,1,1,10006983
1360,1,1,1,1,1,10006986
1361,1,1,1,1,1,10007013
1362,1,2,2,2,2,10007014
1363,1,1,1,2,2,10007017
1364,1,1,1,1,1,10007018
1365,1,1,1,1,1,10007022
1366,1,1,1,1,1,10007035
1367,1,1,1,1,1,10007041
1368,1,1,1,1,1,10007045
1369,1,1,1,2,1,10007047
1370,1,1,1,1,1,10007049
1371,1,1,1,1,1,10007054
1372,1,1,1,1,2,10007056
1373,1,1,1,1,1,10007058
1374,1,1,1,1,1,10007062
1375,1,1,1,1,1,10007066
1376,1,1,1,1,1,10007069
1377,0,0,0,0,0,10007074
1378,1,1,1,2,2,10007077
1379,1,1,1,1,1,10007088
1380,1,1,1,1,2,10007096
1381,1,1,1,1,1,10007098
1382,1,1,1,1,1,10007104
1383,0,0,0,0,0,10007117
1384,1,1,0,0,1,10007120
1385,1,1,1,1,1,10007130
1386,1,1,1,1,1,10007131
1387,1,1,1,1,1,10007146
1388,1,1,2,2,2,10007148
1389,1,1,1,1,1,10007155
1390,1,1,1,1,1,10007160
1391,0,0,0,0,0,10007172
1392,1,1,1,1,1,10007176
1393,1,2,2,2,2,10007177
1394,1,1,1,1,2,10007184
1395,1,1,2,1,1,10007190
1396,1,1,1,1,1,10007193
1397,1,1,1,1,1,10007200
1398,0,0,0,0,0,10007209
1399,0,0,0,0,0,10007211
1400,1,1,1,1,1,10007219
1401,1,1,1,1,1,10007221
1402,1,1,1,1,1,10007222
1403,1,1,1,1,1,10007224
1404,0,0,0,0,0,10007226
1405,1,1,1,1,1,10007240
1406,1,1,1,1,1,10007243
1407,1,1,1,1,1,10007249
1408,1,1,1,2,1,10007253
1409,1,1,1,1,1,10007257
1410,1,1,1,1,1,10007258
1411,1,1,1,1,1,10007271
1412,1,1,1,1,1,10007293
1413,1,1,1,2,2,10007296
1414,1,1,1,1,1,10007300
1415,1,1,1,1,1,10007303
1416,1,1,0,1,1,10007304
1417,1,1,1,1,1,10007309
1418,1,2,2,2,2,10007315
1419,1,1,1,1,1,10007319
1420,1,1,1,1,1,10007321
1421,1,1,1,2,2,10007323
1422,1,1,1,1,1,10007329
1423,0,0,0,0,0,10007332
1424,0,0,0,0,0,10007334
1425,1,1,1,1,2,10007346
1426,1,1,1,1,1,10007347
1427,1,1,1,1,1,10007358
1428,1,1,0,0,0,10007360
1429,1,1,2,1,1,10007376
1430,1,1,1,1,1,10007377
1431,1,1,1,1,2,10007383
1432,2,2,2,2,2,10007385
1433,1,1,1,1,1,10007389
1434,1,1,1,1,1,10007391
1435,1,1,1,1,2,10007395
1436,1,1,1,1,1,10007400
1437,1,2,2,2,1,10007403
1438,1,1,1,1,2,10007404
1439,1,1,1,2,2,10007408
1440,1,1,1,2,2,10007410
1441,1,1,1,1,1,10007412
1442,1,1,1,1,1,10007416
1443,1,1,1,1,1,10007418
1444,1,1,1,1,1,10007419
1445,0,0,0,0,0,10007421
1446,1,1,1,1,1,10007423
1447,1,1,1,1,1,10007440
1448,1,1,1,2,2,10007465
1449,0,0,0,0,0,10007467
1450,1,1,1,1,1,10007471
1451,1,1,1,1,1,10007476
1452,1,1,1,2,2,10007483
1453,1,1,1,1,1,10007489
1454,1,2,2,2,2,10007492
1455,1,1,1,1,2,10007497
1456,1,1,1,2,2,10007502
1457,0,0,0,0,0,10007505
1458,1,1,1,1,1,10007508
1459,1,1,1,1,1,10007512
1460,1,1,1,1,2,10007517
1461,1,1,1,1,1,10007524
1462,1,1,1,1,2,10007530
1463,1,1,2,2,2,10007535
1464,1,1,2,1,1,10007554
1465,1,1,1,1,1,10007564
1466,1,1,1,1,1,10007565
1467,1,1,1,1,1,10007567
1468,1,1,1,1,1,10007569
1469,1,1,1,1,2,10007570
1470,1,1,1,1,0,10007573
1471,1,1,1,2,2,10007578
1472,1,1,1,1,1,10007579
1473,1,1,1,1,1,10007586
1474,0,0,0,0,0,10007588
1475,1,1,1,1,1,10007593
1476,0,0,0,0,0,10007594
1477,0,0,0,0,0,10007595
1478,1,1,1,1,1,10007598
1479,1,1,1,1,1,10007609
1480,1,1,1,1,1,10007633
1481,1,1,1,1,2,10007637
1482,0,0,0,0,0,10007645
1483,1,1,1,1,2,10007648
1484,0,0,0,0,0,10007655
1485,1,1,1,1,2,10007656
1486,1,1,1,1,2,10007659
1487,1,1,1,1,1,10007661
1488,1,1,1,1,1,10007666
1489,0,0,0,0,0,10007668
1490,1,1,1,1,1,10007673
1491,1,1,1,1,1,10007678
1492,1,1,1,2,1,10007682
1493,0,0,0,2,2,10007684
1494,1,1,1,1,1,10007686
1495,1,1,1,1,1,10007687
1496,1,2,1,2,2,10007691
1497,1,1,1,1,1,10007700
1498,1,1,1,2,2,10007703
1499,1,1,1,1,1,10007704
1500,1,1,1,1,1,10007707
1501,2,2,2,2,2,10007729
1502,1,1,1,1,0,10007745
1503,1,1,1,1,1,10007749
1504,1,1,0,1,2,10007751
1505,1,1,1,0,1,10007763
1506,1,1,1,1,1,10007764
1507,0,0,0,0,0,10007772
1508,1,1,1,1,1,10007773
1509,1,1,1,1,1,10007775
1510,1,1,1,1,0,10007783
1511,1,1,1,1,2,10007785
1512,1,1,1,1,1,10007787
1513,2,2,1,1,1,10007788
1514,0,0,0,0,0,10007789
1515,1,1,1,1,1,10007791
1516,1,1,2,2,2,10007800
1517,1,1,1,1,1,10007804
1518,0,0,0,0,0,10007806
1519,1,1,1,1,1,10007816
1520,1,1,1,2,1,10007817
1521,0,0,0,0,0,10007823
1522,1,1,1,1,1,10007825
1523,0,0,0,0,0,10007831
1524,1,1,1,1,1,10007835
1525,1,1,1,1,1,10007836
1526,1,1,1,1,1,10007839
1527,0,0,0,0,0,10007845
1528,1,1,1,0,0,10007850
1529,1,1,1,2,2,10007859
1530,1,1,1,1,1,10007862
1531,0,0,0,0,0,10007863
1532,1,1,1,1,1,10007864
1533,1,1,1,1,1,10007869
1534,1,1,2,2,1,10007871
1535,1,1,2,2,2,10007874
1536,0,0,0,0,0,10007883
1537,0,0,0,0,0,10007885
1538,1,1,1,1,1,10007891
1539,1,1,2,2,2,10007898
1540,1,1,1,1,1,10007900
1541,1,1,1,1,1,10007902
1542,1,1,1,1,1,10007904
1543,1,1,1,1,1,10007914
1544,1,1,1,1,1,10007915
1545,1,1,1,1,1,10007918
1546,1,1,1,1,1,10007919
1547,1,1,1,1,2,10007923
1548,1,1,1,1,1,10007924
1549,1,1,1,1,1,10007931
1550,1,1,1,1,1,10007954
1551,1,1,1,1,2,10007957
1552,1,1,1,1,1,10007961
1553,1,1,1,1,1,10007965
1554,1,1,2,2,2,10007978
1555,1,1,2,1,1,10007984
1556,1,1,1,1,1,10007986
1557,1,1,2,2,1,10007993
1558,0,0,0,0,0,10007994
1559,1,1,1,1,1,10007995
1560,1,1,1,1,1,10008009
1561,2,2,2,2,2,10008010
1562,2,2,2,2,2,10008011
1563,1,1,1,1,1,10008012
1564,1,1,1,2,1,10008016
1565,1,1,1,1,1,10008029
1566,1,1,1,1,1,10008031
1567,1,2,2,2,1,10008032
1568,1,1,1,1,1,10008038
1569,1,1,1,1,2,10008054
1570,1,1,1,1,1,10008058
1571,0,0,0,0,0,10008062
1572,1,1,1,1,2,10008073
1573,1,1,1,1,1,10008077
1574,1,1,1,1,1,10008088
1575,1,1,2,2,2,10008097
1576,0,0,0,0,0,10008098
1577,1,2,2,2,2,10008107
1578,1,1,2,2,2,10008115
1579,0,0,0,0,0,10008119
1580,1,1,1,1,2,10008120
1581,1,1,2,1,1,10008122
1582,1,1,1,1,1,10008126
1583,1,1,1,1,1,10008134
1584,1,1,1,1,2,10008144
1585,1,2,2,2,2,10008148
1586,1,1,1,1,1,10008161
1587,1,1,1,1,2,10008163
1588,1,1,1,1,1,10008164
1589,1,2,2,2,2,10008184
1590,1,1,1,1,2,10008196
1591,1,1,1,2,1,10008199
1592,1,1,1,1,1,10008202
1593,0,0,0,0,0,10008206
1594,1,2,2,2,2,10008210
1595,1,1,1,1,1,10008213
1596,1,1,1,1,1,10008215
1597,1,1,1,1,2,10008219
1598,2,2,2,2,2,10008220
1599,1,2,1,2,2,10008222
1600,2,2,2,1,2,10008227
1601,1,2,2,2,2,10008230
1602,1,1,0,0,1,10008241
1603,1,1,2,2,2,10008243
1604,1,1,1,1,1,10008248
1605,1,1,1,1,1,10008265
1606,0,0,0,0,0,10008271
1607,1,1,1,1,1,10008274
1608,1,1,1,2,2,10008281
1609,1,1,1,1,1,10008285
1610,0,0,0,0,0,10008292
1611,1,1,1,1,1,10008294
1612,1,1,1,1,1,10008295
1613,1,1,1,1,1,10008300
1614,1,1,2,2,2,10008303
1615,1,1,1,1,1,10008306
1616,1,1,1,1,1,10008309
1617,1,1,1,1,1,10008313
1618,0,0,0,0,0,10008319
1619,1,1,1,1,1,10008339
1620,1,1,1,1,1,10008341
1621,1,1,1,1,1,10008349
1622,1,1,1,1,1,10008350
1623,1,1,1,1,1,10008360
1624,1,1,1,1,1,10008368
1625,1,1,1,1,1,10008372
1626,1,1,2,1,1,10008375
1627,1,1,1,1,1,10008377
1628,1,1,1,1,1,10008378
1629,2,2,2,2,2,10008389
1630,1,1,1,1,1,10008396
1631,1,1,1,1,1,10008413
1632,1,2,2,2,1,10008416
1633,1,2,2,2,2,10008418
1634,1,1,1,2,2,10008432
1635,1,1,1,1,1,10008434
1636,1,2,2,2,2,10008435
1637,1,1,1,1,1,10008438
1638,0,0,0,0,0,10008442
1639,1,1,1,2,2,10008446
1640,1,1,2,2,2,10008450
1641,1,1,1,1,1,10008457
1642,1,1,1,1,1,10008466
1643,1,1,1,1,1,10008468
1644,1,1,1,1,1,10008470
1645,1,1,1,1,1,10008472
1646,1,1,1,1,2,10008503
1647,1,2,2,2,1,10008504
1648,1,1,1,1,1,10008505
1649,1,1,1,1,1,10008512
1650,1,1,1,1,1,10008531
1651,1,1,1,1,1,10008532
1652,0,0,0,0,0,10008533
1653,1,1,0,0,0,10008536
1654,1,1,1,1,1,10008539
1655,1,1,1,1,1,10008546
1656,1,1,1,1,1,10008554
1657,0,0,0,0,0,10008558
1658,1,2,2,2,2,10008560
1659,1,1,1,1,2,10008563
1660,1,1,1,1,1,10008577
1661,1,1,1,2,2,10008584
1662,0,0,0,0,0,10008586
1663,1,1,1,0,2,10008596
1664,0,0,0,0,1,10008598
1665,1,1,1,1,2,10008600
1666,1,1,1,1,1,10008607
1667,1,1,1,1,1,10008608
1668,1,1,1,1,2,10008609
1669,1,1,1,1,1,10008615
1670,1,2,2,2,2,10008618
1671,1,1,1,1,1,10008622
1672,1,1,1,1,2,10008627
1673,1,1,1,1,1,10008628
1674,1,1,1,2,2,10008638
1675,1,1,1,1,1,10008640
1676,1,1,1,1,1,10008647
1677,1,1,1,1,1,10008649
1678,1,1,1,1,1,10008658
1679,1,1,1,1,1,10008664
1680,1,1,1,1,1,10008666
1681,1,1,1,1,1,10008672
1682,1,1,1,1,1,10008673
1683,1,1,1,2,1,10008674
1684,1,1,1,1,1,10008689
1685,1,1,1,2,1,10008691
1686,2,2,2,2,1,10008692
1687,0,0,0,0,0,10008697
1688,1,1,1,1,1,10008698
1689,2,2,2,2,2,10008701
1690,1,1,1,1,2,10008702
1691,1,1,2,1,2,10008704
1692,1,1,1,1,1,10008705
1693,1,1,1,1,1,10008706
1694,1,1,1,1,1,10008709
1695,1,1,1,1,1,10008723
1696,1,1,1,1,1,10008727
1697,1,1,1,1,1,10008732
1698,1,1,1,1,1,10008737
1699,1,1,1,1,1,10008740
1700,0,0,0,0,0,10008747
1701,1,1,1,1,0,10008753
1702,1,1,1,1,2,10008755
1703,1,1,1,1,1,10008762
1704,1,1,1,1,1,10008764
1705,1,1,1,1,1,10008768
1706,1,1,1,1,1,10008771
1707,1,1,1,1,1,10008774
1708,1,1,1,2,2,10008775
1709,1,1,1,1,1,10008781
1710,0,0,0,0,0,10008785
1711,1,1,1,1,1,10008794
1712,1,1,1,1,1,10008805
1713,1,1,1,1,2,10008813
1714,1,1,1,1,1,10008816
1715,1,1,1,1,2,10008820
1716,1,1,1,1,1,10008833
1717,1,1,1,1,1,10008838
1718,0,0,0,2,2,10008840
1719,1,1,1,1,1,10008845
1720,1,1,1,1,2,10008846
1721,1,1,1,1,1,10008847
1722,0,0,0,0,0,10008864
1723,1,2,2,2,2,10008865
1724,1,1,1,1,1,10008875
1725,0,0,0,0,1,10008877
1726,1,1,2,2,2,10008884
1727,1,1,1,1,2,10008889
1728,1,1,1,1,1,10008893
1729,1,1,1,1,1,10008896
1730,1,1,2,2,2,10008897
1731,1,1,2,2,2,10008899
1732,1,1,1,1,1,10008911
1733,1,1,1,1,1,10008915
1734,1,1,1,1,1,10008923
1735,1,1,1,1,1,10008937
1736,1,1,1,1,1,10008939
1737,1,1,1,2,1,10008942
1738,1,1,1,1,1,10008948
1739,1,1,1,1,1,10008956
1740,1,1,1,2,1,10008962
1741,0,0,0,1,1,10008965
1742,1,1,1,1,1,10008973
1743,1,1,1,0,1,10008977
1744,0,0,0,0,1,10008981
1745,1,1,2,2,2,10008984
1746,1,1,1,1,1,10008986
1747,1,1,1,1,2,10008988
1748,1,2,2,1,1,10008989
1749,1,1,1,2,2,10008991
1750,1,1,2,1,1,10008998
1751,1,1,1,1,1,10009000
1752,1,1,1,1,1,10009002
1753,1,1,1,1,1,10009009
1754,1,1,1,1,1,10009012
1755,1,1,2,2,2,10009015
1756,1,1,1,1,2,10009019
1757,1,1,1,1,1,10009021
1758,1,1,1,1,1,10009022
1759,1,1,1,2,2,10009025
1760,1,1,2,2,2,10009026
1761,1,1,1,1,1,10009027
1762,1,1,1,1,1,10009028
1763,1,1,1,1,1,10009034
1764,0,0,0,0,0,10009042
1765,1,1,1,1,1,10009045
1766,1,1,1,1,2,10009048
1767,1,1,1,1,1,10009050
1768,0,0,0,0,0,10009054
1769,1,1,1,1,1,10009065
1770,1,1,0,0,0,10009067
1771,0,0,0,0,0,10009073
1772,1,1,1,1,2,10009084
1773,1,1,1,1,1,10009089
1774,1,2,2,1,1,10009096
1775,1,1,1,2,2,10009097
1776,0,0,0,0,0,10009099
1777,1,1,2,2,2,10009103
1778,1,1,1,1,2,10009106
1779,1,1,1,2,2,10009110
1780,1,1,1,1,1,10009114
1781,1,1,1,1,1,10009126
1782,1,1,1,1,1,10009130
1783,1,1,1,1,1,10009133
1784,1,1,1,1,1,10009135
1785,1,1,2,2,2,10009141
1786,1,1,1,1,1,10009143
1787,1,1,1,1,2,10009153
1788,1,1,1,1,1,10009157
1789,1,1,1,1,1,10009161
1790,1,1,1,1,1,10009162
1791,1,1,2,2,1,10009170
1792,1,1,1,1,1,10009173
1793,1,1,1,2,2,10009177
1794,1,2,2,1,1,10009183
1795,1,1,1,1,1,10009184
1796,1,1,2,2,2,10009194
1797,1,1,2,2,2,10009197
1798,1,1,1,1,1,10009199
1799,1,1,1,2,1,10009205
1800,1,1,1,1,1,10009210
1801,1,1,0,1,1,10009214
1802,1,1,1,1,1,10009218
1803,1,1,1,1,1,10009222
1804,1,1,1,1,1,10009223
1805,1,1,1,1,1,10009227
1806,1,1,2,2,1,10009234
1807,1,1,2,2,2,10009238
1808,1,1,1,1,1,10009253
1809,1,1,1,1,1,10009259
1810,1,1,1,1,1,10009261
1811,1,1,2,2,2,10009268
1812,1,1,2,2,1,10009271
1813,1,2,2,2,2,10009275
1814,1,1,1,1,1,10009286
1815,1,1,1,1,1,10009290
1816,1,1,1,1,0,10009297
1817,1,1,1,1,1,10009298
1818,0,0,0,0,0,10009304
1819,1,1,1,1,1,10009308
1820,1,1,1,2,2,10009311
1821,1,1,1,1,1,10009316
1822,1,1,1,0,0,10009318
1823,1,1,1,1,1,10009319
1824,1,1,1,1,1,10009328
1825,1,1,2,2,2,10009330
1826,1,1,2,1,2,10009336
1827,1,1,1,1,1,10009340
1828,1,1,1,1,1,10009345
1829,1,1,0,0,2,10009350
1830,1,1,2,1,1,10009351
1831,1,1,1,1,1,10009382
1832,0,0,0,0,0,10009388
1833,1,1,0,2,2,10009397
1834,1,1,1,1,1,10009398
1835,1,1,1,1,1,10009399
1836,1,1,1,1,1,10009408
1837,1,1,1,2,2,10009409
1838,1,1,1,1,1,10009413
1839,1,1,0,0,1,10009415
1840,1,1,1,1,1,10009416
1841,1,1,1,1,1,10009424
1842,1,1,1,1,1,10009434
1843,1,1,1,1,1,10009446
1844,1,1,1,1,1,10009450
1845,1,2,2,2,2,10009458
1846,0,0,0,0,0,10009465
1847,1,1,1,1,1,10009469
1848,1,1,1,1,1,10009473
1849,1,1,1,1,1,10009477
1850,1,1,1,1,1,10009485
1851,1,1,1,1,1,10009488
1852,1,1,0,1,2,10009490
1853,1,1,2,2,2,10009495
1854,1,1,1,1,1,10009503
1855,1,1,2,2,1,10009511
1856,0,0,0,0,0,10009515
1857,1,1,1,1,1,10009527
1858,1,1,1,1,1,10009530
1859,1,1,2,2,2,10009531
1860,1,1,1,1,1,10009535
1861,1,1,1,1,1,10009542
1862,1,1,2,2,2,10009545
1863,1,1,1,1,1,10009549
1864,1,1,1,1,1,10009558
1865,1,1,1,1,2,10009562
1866,1,1,2,2,2,10009568
1867,1,1,0,1,0,10009570
1868,0,0,0,0,0,10009573
1869,1,1,1,1,1,10009576
1870,1,1,1,1,2,10009577
1871,1,1,1,1,1,10009578
1872,1,1,1,1,2,10009584
1873,0,0,0,0,0,10009587
1874,1,1,1,1,1,10009592
1875,1,1,1,1,2,10009593
1876,1,1,1,1,1,10009615
1877,0,0,0,0,0,10009619
1878,1,1,1,1,1,10009624
1879,1,1,1,1,1,10009645
1880,1,1,1,1,1,10009648
1881,1,1,1,1,1,10009651
1882,1,1,1,1,1,10009668
1883,1,1,1,1,1,10009671
1884,1,1,1,1,2,10009681
1885,1,1,1,1,1,10009688
1886,1,1,1,1,1,10009690
1887,1,1,1,1,1,10009691
1888,1,1,1,1,1,10009693
1889,1,1,1,1,1,10009694
1890,1,1,1,1,1,10009699
1891,1,1,1,1,1,10009703
1892,1,1,1,1,1,10009708
1893,1,1,1,2,2,10009709
1894,1,1,2,2,2,10009713
1895,1,1,1,1,2,10009718
1896,1,1,2,2,2,10009724
1897,1,1,1,2,2,10009727
1898,1,1,1,1,1,10009729
1899,1,1,0,1,1,10009732
1900,1,1,1,1,1,10009747
1901,1,1,1,1,1,10009762
1902,1,1,1,1,1,10009765
1903,1,1,1,1,1,10009776
1904,1,2,2,2,2,10009779
1905,1,1,1,1,1,10009782
1906,1,1,1,1,1,10009792
1907,1,1,1,1,1,10009793
1908,1,1,1,1,1,10009795
1909,1,1,1,1,2,10009799
1910,1,1,1,1,2,10009801
1911,1,1,1,1,1,10009802
1912,1,1,1,1,2,10009812
1913,0,0,0,0,0,10009821
1914,1,1,1,1,2,10009822
1915,1,1,1,2,2,10009830
1916,1,1,1,1,1,10009843
1917,1,1,2,2,2,10009845
1918,1,1,1,1,1,10009846
1919,1,1,1,1,1,10009850
1920,1,1,1,1,1,10009863
1921,1,1,1,1,1,10009865
1922,1,1,1,2,2,10009870
1923,1,2,1,1,1,10009877
1924,1,1,1,1,2,10009887
1925,1,1,1,1,2,10009889
1926,1,1,0,1,1,10009891
1927,0,0,0,0,0,10009896
1928,1,1,1,1,1,10009900
1929,1,1,2,2,2,10009902
1930,1,1,1,2,1,10009906
1931,1,1,1,1,1,10009907
1932,0,0,0,0,0,10009911
1933,1,1,1,1,1,10009914
1934,0,0,0,0,0,10009916
1935,1,1,1,1,1,10009920
1936,1,1,1,1,1,10009927
1937,1,1,1,1,2,10009933
1938,1,2,2,2,2,10009934
1939,1,1,1,1,2,10009938
1940,1,1,1,1,1,10009941
1941,1,1,1,1,1,10009952
1942,0,0,0,0,0,10009954
1943,1,1,1,1,1,10009961
1944,1,1,1,1,1,10009965
1945,1,1,1,1,1,10009971
1946,1,1,1,1,1,10009975
1947,1,1,1,1,1,10009979
1948,1,1,1,1,1,10009981
1949,0,0,0,0,0,10009984
1950,1,1,1,1,1,10009986
1951,2,2,2,2,2,10009987
1952,1,1,1,1,1,10009993
1953,1,1,1,1,1,10009998
1954,1,1,1,1,2,10010001
1955,1,1,1,1,1,10010002
1956,1,1,1,1,2,10010014
1957,1,1,1,1,1,10010018
1958,1,1,1,1,1,10010027
1959,1,2,2,2,2,10010028
1960,1,1,1,2,2,10010030
1961,1,1,2,2,2,10010036
1962,1,1,1,1,1,10010039
1963,1,1,1,1,1,10010045
1964,1,1,1,1,1,10010049
1965,1,1,1,1,1,10010051
1966,1,1,1,1,2,10010059
1967,1,1,2,2,2,10010063
1968,0,0,0,0,0,10010069
1969,1,1,2,1,2,10010075
1970,1,1,1,2,2,10010079
1971,0,0,0,0,0,10010081
1972,1,1,2,2,2,10010084
1973,1,1,1,1,1,10010087
1974,1,1,1,1,1,10010088
1975,0,0,0,0,0,10010093
1976,1,1,1,1,2,10010097
1977,1,1,1,1,1,10010105
1978,1,1,1,1,2,10010124
1979,1,1,1,1,1,10010128
1980,1,1,0,2,2,10010136
1981,1,1,1,1,1,10010141
1982,1,1,1,1,1,10010148
1983,1,1,1,1,1,10010149
1984,1,2,2,2,2,10010153
1985,1,1,1,1,1,10010159
1986,1,1,2,1,1,10010169
1987,1,1,1,1,1,10010182
1988,1,1,1,1,1,10010185
1989,1,1,1,1,1,10010186
1990,1,1,1,1,1,10010187
1991,1,1,1,1,1,10010191
1992,1,1,2,2,1,10010192
1993,1,1,2,2,2,10010195
1994,1,1,1,1,2,10010198
1995,1,1,1,1,1,10010199
1996,1,1,1,1,1,10010201
1997,1,1,1,1,1,10010204
1998,1,1,1,1,1,10010209
1999,1,1,1,1,1,10010210
2000,1,1,1,1,1,10010215
2001,0,0,0,0,0,10010216
2002,1,1,1,1,1,10010220
2003,1,1,1,1,1,10010222
2004,1,1,1,1,1,10010228
2005,1,1,1,1,1,10010229
2006,1,1,1,1,2,10010237
2007,1,1,1,1,1,10010241
2008,1,1,1,1,1,10010260
2009,0,0,0,0,0,10010261
2010,0,0,0,0,0,10010271
2011,2,2,2,2,1,10010272
2012,1,1,1,1,1,10010275
2013,1,1,1,1,1,10010276
2014,1,1,1,1,1,10010279
2015,1,1,2,1,1,10010282
2016,1,1,1,1,1,10010289
2017,1,1,1,1,1,10010297
2018,1,1,1,2,2,10010304
2019,1,1,0,0,0,10010309
2020,0,0,0,0,0,10010317
2021,1,1,1,1,1,10010318
2022,1,1,1,1,1,10010329
2023,1,1,1,1,2,10010332
2024,1,1,1,1,2,10010335
2025,0,0,0,0,0,10010342
2026,1,1,1,1,1,10010345
2027,0,0,0,0,0,10010353
2028,1,2,2,2,2,10010363
2029,1,1,1,1,2,10010372
2030,1,1,1,2,2,10010373
2031,1,1,1,1,1,10010379
2032,0,0,0,0,0,10010381
2033,1,1,1,1,1,10010384
2034,1,1,1,1,1,10010391
2035,2,2,2,1,2,10010397
2036,1,1,1,1,1,10010398
2037,1,1,1,1,1,10010406
2038,1,1,1,1,2,10010422
2039,1,1,2,2,2,10010441
2040,1,1,0,1,1,10010446
2041,1,1,0,1,1,10010448
2042,1,1,1,1,1,10010449
2043,1,1,1,1,1,10010453
2044,1,1,1,1,2,10010454
2045,1,1,1,1,1,10010455
2046,1,1,1,1,1,10010464
2047,1,1,1,1,1,10010482
2048,1,1,1,2,2,10010495
2049,0,0,0,0,0,10010496
2050,1,1,1,0,0,10010497
2051,1,1,1,1,2,10010498
2052,1,1,1,2,2,10010504
2053,1,1,1,1,1,10010512
2054,1,1,1,1,1,10010513
2055,1,2,2,2,2,10010516
2056,1,1,1,1,1,10010520
2057,1,1,1,1,1,10010522
2058,1,1,1,1,1,10010535
2059,1,1,1,1,1,10010537
2060,1,1,1,1,1,10010539
2061,1,1,1,1,1,10010544
2062,1,1,2,1,1,10010545
2063,0,0,0,0,1,10010549
2064,1,1,1,1,1,10010550
2065,1,1,2,1,2,10010556
2066,1,1,2,2,2,10010560
2067,1,1,2,2,2,10010564
2068,1,1,1,1,1,10010569
2069,1,1,1,1,1,10010571
2070,0,0,0,0,0,10010572
2071,1,1,1,1,2,10010574
2072,1,1,1,1,1,10010578
2073,1,1,0,0,0,10010598
2074,1,1,1,1,1,10010600
2075,1,1,1,1,1,10010604
2076,1,1,1,1,1,10010609
2077,2,2,2,2,2,10010611
2078,0,0,0,0,0,10010618
2079,1,1,1,1,2,10010620
2080,1,1,1,1,1,10010623
2081,1,1,1,1,2,10010634
2082,2,2,2,2,2,10010635
2083,1,1,1,1,1,10010637
2084,1,1,1,1,1,10010652
2085,1,1,1,1,1,10010655
2086,1,1,1,1,1,10010660
2087,1,1,1,1,1,10010663
2088,1,1,1,1,1,10010665
2089,1,1,1,1,0,10010670
2090,1,1,1,1,1,10010676
2091,1,1,1,1,1,10010684
2092,1,1,1,1,1,10010692
2093,1,1,1,1,1,10010693
2094,1,1,1,1,1,10010694
2095,1,1,1,2,2,10010698
2096,1,1,1,1,1,10010701
2097,1,1,1,1,1,10010702
2098,1,1,1,2,2,10010706
2099,1,1,1,2,2,10010708
2100,1,1,1,1,2,10010719
2101,1,1,1,1,2,10010728
2102,1,1,1,1,1,10010737
2103,1,1,1,1,1,10010749
2104,1,1,1,1,1,10010752
2105,1,1,2,1,2,10010753
2106,1,1,1,2,2,10010755
2107,1,1,1,1,1,10010756
2108,1,2,1,1,2,10010758
2109,1,1,1,1,1,10010762
2110,1,1,1,1,2,10010764
2111,1,1,1,1,1,10010767
2112,1,1,1,1,1,10010776
2113,1,1,1,1,2,10010786
2114,1,1,1,1,1,10010788
2115,1,1,2,2,2,10010793
2116,1,1,1,1,1,10010802
2117,1,1,1,1,1,10010810
2118,1,1,2,2,2,10010826
2119,1,1,1,1,1,10010830
2120,1,1,1,1,1,10010836
2121,1,1,1,1,2,10010837
2122,1,1,1,1,1,10010844
2123,1,1,0,1,1,10010848
2124,1,1,1,1,1,10010849
2125,0,0,0,0,0,10010851
2126,0,0,0,0,0,10010855
2127,1,1,0,2,2,10010857
2128,1,1,1,1,1,10010859
2129,1,1,1,1,1,10010876
2130,2,2,2,2,2,10010878
2131,2,2,2,2,2,10010892
2132,1,1,1,1,0,10010896
2133,2,2,2,2,2,10010898
2134,1,1,1,1,1,10010900
2135,1,1,1,1,1,10010901
2136,1,1,1,1,1,10010903
2137,1,1,1,1,1,10010913
2138,1,1,1,1,1,10010916
2139,1,1,1,1,1,10010922
2140,1,1,1,1,2,10010923
2141,1,1,1,2,2,10010930
2142,1,2,2,2,2,10010940
2143,1,1,1,1,1,10010942
2144,1,2,2,2,2,10010945
2145,1,1,2,2,2,10010952
2146,1,2,2,2,2,10010954
2147,1,1,1,1,1,10010962
2148,1,1,1,1,1,10010963
2149,2,2,2,2,2,10010964
2150,1,1,1,2,2,10010979
2151,1,1,1,1,1,10010988
2152,1,2,1,1,2,10010998
2153,1,1,1,1,2,10011004
2154,1,1,1,2,2,10011008
2155,1,1,1,1,1,10011021
2156,1,2,2,2,2,10011028
2157,1,1,1,1,1,10011029
2158,1,1,1,1,1,10011035
2159,1,1,1,1,1,10011037
2160,1,1,1,1,1,10011043
2161,1,1,1,1,1,10011046
2162,1,1,2,2,2,10011062
2163,1,1,1,1,2,10011068
2164,1,1,1,1,1,10011071
2165,1,1,1,1,2,10011072
2166,0,0,0,0,0,10011074
2167,1,1,1,1,1,10011079
2168,1,1,1,1,1,10011080
2169,1,1,1,1,1,10011084
2170,2,2,2,2,2,10011094
2171,1,1,1,1,1,10011102
2172,1,1,1,1,2,10011117
2173,1,2,2,2,1,10011121
2174,1,1,1,2,2,10011126
2175,1,2,2,2,2,10011136
2176,1,2,1,1,1,10011137
2177,0,0,0,0,0,10011139
2178,1,1,1,1,1,10011149
2179,1,1,2,1,1,10011150
2180,1,1,1,1,1,10011172
2181,1,1,2,2,2,10011176
2182,1,1,1,1,2,10011177
2183,1,1,1,1,1,10011181
2184,1,1,2,2,2,10011183
2185,1,2,2,1,1,10011185
2186,1,1,1,2,2,10011186
2187,1,1,1,1,1,10011187
2188,1,1,1,1,1,10011189
2189,1,1,1,2,1,10011194
2190,1,1,1,1,1,10011195
2191,1,1,1,1,1,10011206
2192,1,1,1,1,1,10011208
2193,1,1,1,1,1,10011210
2194,1,1,1,1,1,10011214
2195,1,1,1,1,1,10011217
2196,0,0,0,0,0,10011223
2197,0,0,0,0,0,10011225
2198,1,1,1,1,1,10011235
2199,1,1,1,1,1,10011236
2200,1,1,1,1,1,10011238
2201,1,1,1,1,1,10011239
2202,1,1,1,1,1,10011243
2203,1,1,2,2,2,10011245
2204,1,1,1,1,2,10011247
2205,1,1,1,1,1,10011249
2206,0,0,0,0,0,10011253
2207,1,1,1,1,1,10011255
2208,1,1,2,2,2,10011256
2209,1,1,1,1,1,10011265
2210,1,1,0,1,1,10011267
2211,1,1,2,2,2,10011280
2212,0,0,0,0,0,10011284
2213,1,1,1,1,1,10011286
2214,1,1,1,1,2,10011295
2215,1,1,1,2,2,10011296
2216,1,1,1,1,1,10011304
2217,1,1,1,1,1,10011309
2218,1,1,1,1,1,10011317
2219,1,1,1,1,1,10011323
2220,1,1,1,1,1,10011332
2221,1,1,1,1,1,10011335
2222,1,1,1,1,1,10011337
2223,1,1,1,1,1,10011342
2224,1,1,1,1,1,10011344
2225,1,1,1,1,1,10011346
2226,1,1,1,1,1,10011360
2227,1,1,1,1,1,10011363
2228,1,1,2,2,2,10011372
2229,2,2,2,2,2,10011373
2230,1,1,1,1,1,10011377
2231,1,1,1,1,1,10011388
2232,1,1,1,1,1,10011390
2233,0,0,0,0,0,10011392
2234,0,0,0,0,1,10011396
2235,1,1,1,1,1,10011399
2236,1,1,2,2,2,10011403
2237,1,1,1,1,1,10011408
2238,1,1,1,1,1,10011413
2239,1,1,1,1,1,10011417
2240,1,2,2,1,1,10011419
2241,1,1,1,1,1,10011425
2242,1,1,2,2,2,10011426
2243,1,1,2,1,2,10011432
2244,1,1,1,1,1,10011439
2245,1,1,1,1,2,10011442
2246,1,1,1,1,1,10011443
2247,0,0,0,0,0,10011458
2248,1,1,1,1,1,10011461
2249,0,0,0,0,0,10011468
2250,1,1,1,1,2,10011471
2251,0,0,0,0,2,10011474
2252,1,1,1,2,2,10011481
2253,0,0,0,0,0,10011494
2254,1,1,1,1,1,10011496
2255,1,1,1,1,1,10011507
2256,1,1,1,1,1,10011511
2257,1,1,2,2,2,10011519
2258,0,0,0,0,0,10011529
2259,1,1,1,1,1,10011538
2260,1,2,2,2,2,10011542
2261,1,2,2,2,2,10011544
2262,1,1,1,1,1,10011546
2263,1,1,1,1,1,10011549
2264,1,1,1,1,1,10011553
2265,0,0,0,0,0,10011555
2266,1,1,1,1,1,10011557
2267,0,0,0,1,1,10011559
2268,0,0,0,0,0,10011560
2269,1,1,1,1,1,10011564
2270,1,1,1,0,0,10011572
2271,1,1,1,1,1,10011582
2272,1,1,1,1,1,10011597
2273,1,1,1,1,1,10011599
2274,0,0,0,0,0,10011600
2275,1,1,1,1,1,10011609
2276,1,2,2,2,2,10011614
2277,1,1,0,1,1,10011617
2278,1,1,1,1,1,10011618
2279,0,0,0,0,0,10011620
2280,0,0,0,0,0,10011625
2281,0,0,0,0,0,10011630
2282,1,1,1,1,1,10011633
2283,1,1,1,1,1,10011636
2284,1,1,1,1,0,10011640
2285,1,1,1,1,1,10011643
2286,1,1,1,1,0,10011645
2287,1,1,2,2,2,10011649
2288,0,0,0,0,0,10011659
2289,0,0,0,0,0,10011662
2290,1,1,1,1,1,10011667
2291,1,1,0,1,1,10011669
2292,1,1,1,2,2,10011676
2293,1,1,1,1,1,10011682
2294,1,1,1,1,1,10011685
2295,1,1,1,1,1,10011686
2296,1,1,1,1,1,10011692
2297,1,1,1,1,1,10011700
2298,1,1,1,2,2,10011701
2299,1,1,1,1,1,10011702
2300,1,1,1,1,1,10011706
2301,1,1,1,2,2,10011707
2302,1,1,1,1,1,10011709
2303,2,2,2,2,2,10011715
2304,1,1,1,1,1,10011738
2305,1,2,2,2,2,10011739
2306,1,1,1,2,2,10011744
2307,1,1,1,2,1,10011747
2308,1,1,1,1,1,10011758
2309,0,0,0,0,0,10011760
2310,1,2,1,1,2,10011762
2311,0,0,0,0,0,10011764
2312,0,0,0,0,0,10011766
2313,1,1,1,2,2,10011771
2314,1,1,1,1,1,10011772
2315,1,1,1,1,2,10011774
2316,1,1,1,2,2,10011779
2317,1,1,1,1,1,10011783
2318,0,0,0,0,0,10011787
2319,1,1,1,1,1,10011797
2320,1,1,1,1,1,10011802
2321,1,1,2,1,1,10011804
2322,1,1,1,1,0,10011805
2323,1,1,1,1,1,10011808
2324,0,0,0,0,0,10011811
2325,1,1,1,2,2,10011819
2326,1,1,1,1,1,10011829
2327,0,0,0,0,0,10011831
2328,0,0,0,0,0,10011833
2329,1,1,1,1,1,10011837
2330,1,1,1,1,2,10011840
2331,1,1,1,1,0,10011849
2332,0,0,0,0,0,10011851
2333,1,1,1,1,1,10011858
2334,1,1,1,1,1,10011864
2335,1,1,1,1,1,10011865
2336,0,0,0,0,0,10011866
2337,1,1,1,2,2,10011873
2338,1,1,1,1,1,10011889
2339,1,1,1,1,1,10011890
2340,0,0,0,0,0,10011894
2341,0,0,0,0,0,10011902
2342,1,1,1,1,1,10011904
2343,1,1,1,1,1,10011908
2344,1,1,1,1,1,10011911
2345,1,1,1,1,1,10011925
2346,1,1,1,1,2,10011936
2347,1,1,1,1,1,10011938
2348,1,1,1,1,1,10011942
2349,1,1,1,1,1,10011947
2350,1,1,1,1,1,10011960
2351,1,1,1,1,1,10011965
2352,1,1,1,1,1,10011966
2353,1,1,1,1,1,10011971
2354,1,1,1,1,1,10011973
2355,1,1,2,1,2,10011975
2356,1,1,1,1,1,10011979
2357,1,1,1,1,1,10011982
2358,1,1,1,1,1,10011984
2359,1,1,2,2,2,10011985
2360,1,1,1,2,1,10011987
2361,1,1,1,1,1,10011988
2362,1,1,1,1,1,10011989
2363,1,1,1,1,1,10011996
2364,1,1,1,1,1,10012000
2365,1,1,1,1,1,10012003
2366,0,0,0,0,0,10012004
2367,1,1,1,1,1,10012013
2368,1,1,1,1,1,10012018
2369,1,1,1,1,2,10012022
2370,1,0,0,0,0,10012027
2371,1,1,1,2,2,10012041
2372,1,1,1,1,1,10012043
2373,1,1,1,1,1,10012045
2374,1,1,1,1,1,10012050
2375,1,1,1,1,1,10012052
2376,1,1,1,1,1,10012066
2377,1,1,1,1,1,10012070
2378,1,1,1,2,2,10012084
2379,1,1,1,1,1,10012087
2380,1,1,1,1,1,10012093
2381,1,1,1,1,1,10012100
2382,1,1,1,1,1,10012104
2383,0,0,0,0,0,10012105
2384,1,1,0,0,0,10012128
2385,1,1,1,1,1,10012133
2386,1,1,1,1,1,10012160
2387,1,1,1,2,1,10012162
2388,1,1,1,1,1,10012164
2389,0,0,0,0,0,10012172
2390,1,1,1,1,2,10012173
2391,1,1,1,1,1,10012174
2392,1,1,1,1,1,10012175
2393,1,1,1,1,2,10012185
2394,1,1,1,1,1,10012192
2395,1,1,1,1,2,10012193
2396,1,1,1,1,1,10012196
2397,1,1,1,1,2,10012197
2398,1,1,1,1,2,10012200
2399,1,1,1,1,2,10012208
2400,1,1,1,1,1,10012217
2401,1,1,1,1,1,10012220
2402,1,1,1,1,1,10012222
2403,1,2,1,2,2,10012223
2404,1,1,1,2,1,10012226
2405,1,1,1,1,2,10012231
2406,1,1,1,1,1,10012236
2407,1,1,1,1,2,10012239
2408,1,1,1,1,2,10012242
2409,1,1,1,1,1,10012244
2410,1,1,1,1,2,10012247
2411,1,1,1,1,1,10012248
2412,1,1,0,0,2,10012249
2413,2,2,2,2,1,10012252
2414,1,2,1,1,1,10012255
2415,1,1,1,1,1,10012263
2416,1,1,1,1,1,10012266
2417,1,1,1,1,1,10012273
2418,1,1,1,1,1,10012276
2419,1,1,1,1,1,10012281
2420,1,1,1,1,2,10012293
2421,1,1,1,1,2,10012299
2422,1,1,1,1,1,10012320
2423,1,1,1,1,2,10012321
2424,1,1,1,1,1,10012322
2425,1,1,1,1,1,10012337
2426,0,0,0,0,0,10012344
2427,1,1,1,1,1,10012349
2428,1,1,1,1,1,10012359
2429,1,1,1,1,1,10012360
2430,0,0,0,0,0,10012364
2431,1,1,1,1,1,10012371
2432,1,1,1,1,1,10012377
2433,0,0,0,0,0,10012380
2434,1,1,1,1,2,10012386
2435,1,1,1,1,1,10012388
2436,1,1,1,1,1,10012389
2437,1,1,1,1,1,10012397
2438,1,1,1,1,1,10012400
2439,1,1,1,1,1,10012415
2440,1,1,1,1,1,10012416
2441,1,1,1,2,2,10012421
2442,1,1,2,2,1,10012424
2443,1,1,2,2,1,10012425
2444,1,1,1,1,1,10012429
2445,1,1,1,1,1,10012439
2446,1,1,1,1,1,10012440
2447,1,1,1,1,1,10012448
2448,1,1,1,1,1,10012462
2449,1,1,1,2,2,10012464
2450,1,1,1,1,1,10012473
2451,1,1,1,1,1,10012478
2452,1,2,2,2,2,10012479
2453,1,1,1,1,1,10012488
2454,1,1,2,2,2,10012494
2455,0,0,0,0,0,10012499
2456,1,1,1,2,1,10012505
2457,1,2,1,2,2,10012506
2458,1,1,1,1,1,10012509
2459,0,0,0,0,0,10012521
2460,1,1,1,2,1,10012527
2461,1,1,1,1,1,10012533
2462,1,1,1,1,1,10012534
2463,1,1,1,2,1,10012538
2464,0,0,0,0,0,10012539
2465,1,2,2,2,2,10012553
2466,1,1,1,1,1,10012556
2467,1,1,1,1,1,10012566
2468,1,1,1,1,2,10012574
2469,1,1,1,1,2,10012578
2470,1,1,1,1,1,10012579
2471,0,0,0,0,0,10012581
2472,1,1,1,1,1,10012598
2473,1,1,1,1,2,10012607
2474,1,2,2,2,2,10012616
2475,1,1,1,1,1,10012619
2476,1,1,1,1,1,10012631
2477,1,1,1,2,2,10012642
2478,1,1,1,1,2,10012643
2479,1,1,1,1,2,10012665
2480,1,1,1,1,1,10012670
2481,1,1,1,1,1,10012675
2482,1,1,1,1,1,10012683
2483,1,1,1,1,1,10012688
2484,1,1,1,1,0,10012692
2485,1,1,1,1,1,10012700
2486,1,1,1,1,1,10012708
2487,0,0,0,0,0,10012713
2488,1,1,1,2,2,10012714
2489,1,1,1,1,1,10012715
2490,1,1,1,2,2,10012716
2491,1,1,2,2,2,10012717
2492,1,1,1,1,1,10012721
2493,1,1,2,2,2,10012725
2494,1,1,1,1,2,10012729
2495,1,1,1,1,1,10012730
2496,1,1,1,1,1,10012744
2497,1,1,1,2,1,10012748
2498,1,1,1,1,1,10012754
2499,1,1,1,1,1,10012755
2500,1,1,1,1,1,10012762
2501,1,1,1,1,1,10012765
2502,1,1,1,1,1,10012776
2503,1,1,1,2,2,10012777
2504,1,1,1,1,1,10012779
2505,1,1,1,1,1,10012780
2506,1,1,1,0,1,10012782
2507,2,2,2,1,2,10012788
2508,1,1,1,2,1,10012789
2509,1,1,1,1,1,10012796
2510,1,1,1,1,2,10012806
2511,0,0,0,0,1,10012811
2512,1,1,1,1,1,10012814
2513,1,1,1,1,1,10012821
2514,0,0,0,0,0,10012834
2515,1,1,1,1,1,10012848
2516,1,1,1,1,1,10012857
2517,1,1,1,1,1,10012863
2518,1,1,1,1,1,10012869
2519,1,1,1,1,0,10012870
2520,1,1,1,2,2,10012872
2521,1,1,1,2,2,10012875
2522,1,1,1,1,1,10012876
2523,1,1,1,1,1,10012881
2524,1,1,1,1,1,10012883
2525,1,1,1,1,1,10012889
2526,1,1,1,1,1,10012895
2527,2,2,2,2,2,10012896
2528,0,0,0,0,0,10012897
2529,1,1,1,1,1,10012899
2530,1,1,1,1,1,10012901
2531,1,2,2,2,1,10012905
2532,1,1,1,1,1,10012909
2533,1,1,1,1,1,10012915
2534,1,1,2,2,2,10012919
2535,1,1,1,1,1,10012930
2536,1,1,1,1,1,10012931
2537,0,0,0,0,0,10012941
2538,1,1,1,1,1,10012943
2539,1,1,1,1,1,10012949
2540,1,2,2,2,2,10012957
2541,1,1,1,1,1,10012959
2542,1,1,1,1,1,10012960
2543,1,1,1,1,1,10012966
2544,1,1,1,1,1,10012968
2545,1,1,0,0,0,10012974
2546,1,1,1,2,2,10012981
2547,1,1,1,1,1,10012990
2548,1,1,1,1,1,10013001
2549,1,1,2,2,2,10013010
2550,1,1,1,1,1,10013021
2551,0,0,0,0,0,10013024
2552,1,1,1,1,1,10013027
2553,1,1,0,0,0,10013032
2554,1,1,1,1,1,10013036
2555,1,1,1,1,1,10013048
2556,1,1,1,1,1,10013049
2557,1,1,2,2,2,10013053
2558,0,0,0,0,0,10013055
2559,1,1,1,1,1,10013059
2560,1,1,1,1,1,10013063
2561,1,1,1,1,2,10013066
2562,1,1,1,1,1,10013076
2563,1,1,1,1,1,10013085
2564,1,1,1,1,1,10013094
2565,1,1,1,1,1,10013095
2566,1,1,1,2,2,10013100
2567,0,0,0,0,0,10013104
2568,1,1,1,1,1,10013106
2569,1,1,1,1,1,10013112
2570,1,1,2,1,1,10013122
2571,1,1,1,1,2,10013154
2572,1,1,1,1,1,10013163
2573,1,1,1,1,1,10013166
2574,1,1,1,2,2,10013167
2575,1,1,2,2,2,10013184
2576,1,1,1,1,2,10013189
2577,1,1,1,1,1,10013192
2578,0,0,0,0,0,10013194
2579,1,1,1,1,2,10013196
2580,1,1,1,1,2,10013198
2581,1,1,1,1,1,10013206
2582,0,0,0,0,0,10013230
2583,1,1,1,1,1,10013238
2584,1,1,1,1,0,10013246
2585,1,1,1,2,1,10013247
2586,1,1,1,1,1,10013252
2587,0,0,0,0,0,10013255
2588,1,1,2,1,1,10013260
2589,1,2,1,1,1,10013263
2590,1,2,2,2,2,10013266
2591,1,1,1,1,1,10013270
2592,1,1,0,1,1,10013280
2593,0,0,0,0,0,10013282
2594,1,1,1,2,2,10013289
2595,1,1,1,1,1,10013295
2596,1,1,2,2,1,10013303
2597,1,1,1,1,1,10013306
2598,1,1,1,1,1,10013307
2599,1,1,1,1,1,10013313
2600,1,1,1,1,2,10013318
2601,1,1,1,1,1,10013319
2602,1,1,1,1,1,10013320
2603,1,1,1,1,1,10013326
2604,1,1,1,1,1,10013332
2605,1,1,1,1,1,10013339
2606,1,1,1,1,1,10013340
2607,1,1,1,1,1,10013356
2608,1,1,1,1,2,10013365
2609,1,1,1,0,0,10013366
2610,1,1,1,2,2,10013370
2611,0,0,0,0,0,10013373
2612,1,1,2,2,2,10013377
2613,1,1,1,1,1,10013379
2614,1,1,1,1,1,10013384
2615,1,1,1,1,1,10013394
2616,1,1,1,1,1,10013405
2617,1,1,1,1,1,10013406
2618,1,1,1,1,1,10013412
2619,1,1,1,1,1,10013417
2620,1,1,1,1,1,10013418
2621,0,0,0,0,0,10013419
2622,1,1,1,1,1,10013420
2623,1,1,1,1,1,10013425
2624,1,1,1,1,2,10013431
2625,1,1,1,1,2,10013439
2626,1,1,1,1,1,10013441
2627,1,1,1,1,1,10013455
2628,1,1,1,1,1,10013460
2629,1,1,1,1,1,10013463
2630,1,1,1,1,1,10013465
2631,1,1,1,1,1,10013472
2632,1,1,1,1,1,10013475
2633,1,1,1,1,1,10013481
2634,1,1,1,1,2,10013488
2635,1,1,1,1,1,10013498
2636,1,1,0,1,0,10013509
2637,1,1,1,1,1,10013516
2638,1,1,1,1,1,10013520
2639,1,1,1,1,1,10013527
2640,1,1,1,1,2,10013532
2641,1,2,2,1,2,10013535
2642,1,1,1,1,1,10013536
2643,1,1,1,0,2,10013537
2644,1,1,1,1,1,10013544
2645,1,1,1,1,1,10013558
2646,1,1,1,1,1,10013559
2647,1,1,1,1,1,10013564
2648,1,2,1,1,1,10013575
2649,1,1,1,1,1,10013576
2650,2,2,2,1,1,10013581
2651,1,2,2,2,2,10013582
2652,1,1,1,1,1,10013592
2653,1,1,1,1,1,10013596
2654,1,1,1,1,1,10013599
2655,1,1,1,1,2,10013601
2656,1,1,1,1,1,10013608
2657,1,2,2,1,1,10013612
2658,1,1,1,1,1,10013613
2659,1,2,2,1,2,10013617
2660,1,1,1,2,2,10013620
2661,2,2,2,2,2,10013625
2662,0,0,0,2,1,10013626
2663,1,1,1,1,2,10013637
2664,1,1,1,2,2,10013641
2665,1,1,1,1,1,10013650
2666,1,1,1,1,1,10013651
2667,0,0,0,0,0,10013653
2668,1,1,1,2,2,10013657
2669,1,1,0,0,1,10013668
2670,1,1,2,2,2,10013673
2671,2,2,2,2,2,10013677
2672,0,0,0,0,0,10013680
2673,1,1,1,1,1,10013697
2674,1,1,1,1,1,10013698
2675,1,1,1,1,1,10013704
2676,1,1,1,1,1,10013706
2677,0,0,0,0,0,10013715
2678,0,0,0,0,0,10013726
2679,1,1,1,1,1,10013727
2680,1,1,2,1,1,10013729
2681,1,1,1,2,2,10013746
2682,1,1,1,1,1,10013751
2683,1,1,1,1,1,10013755
2684,0,0,0,0,0,10013761
2685,1,1,1,1,1,10013762
2686,0,0,0,0,0,10013766
2687,1,1,1,1,1,10013768
2688,1,1,1,2,2,10013772
2689,0,0,0,0,0,10013778
2690,1,1,1,1,1,10013779
2691,1,1,1,1,1,10013782
2692,1,1,1,1,1,10013786
2693,1,1,1,2,2,10013792
2694,1,1,1,1,1,10013794
2695,1,1,1,1,2,10013796
2696,1,1,1,1,1,10013799
2697,1,1,1,1,1,10013800
2698,0,0,0,0,0,10013801
2699,1,1,1,1,1,10013805
2700,1,1,1,1,1,10013810
2701,1,1,1,1,1,10013811
2702,1,1,1,1,1,10013812
2703,1,1,1,1,1,10013813
2704,1,1,1,1,1,10013816
2705,2,2,2,2,2,10013818
2706,1,1,1,1,2,10013819
2707,1,1,1,1,1,10013834
2708,1,1,1,1,1,10013841
2709,1,1,1,1,1,10013844
2710,1,1,1,2,2,10013850
2711,1,1,1,1,1,10013857
2712,1,1,1,1,1,10013863
2713,1,1,1,1,1,10013864
2714,1,1,1,1,1,10013866
2715,1,1,1,1,1,10013869
2716,1,1,1,1,1,10013871
2717,1,1,1,1,1,10013879
2718,1,1,1,2,1,10013888
2719,1,1,1,1,1,10013889
2720,1,1,1,1,1,10013895
2721,1,1,1,1,2,10013901
2722,1,1,1,1,1,10013903
2723,1,2,2,2,2,10013917
2724,1,1,1,1,1,10013926
2725,1,1,1,1,1,10013929
2726,1,1,2,2,2,10013935
2727,1,1,1,1,1,10013945
2728,1,1,1,1,1,10013946
2729,1,1,1,1,2,10013951
2730,1,1,1,1,1,10013955
2731,1,1,1,1,1,10013957
2732,1,1,2,2,2,10013964
2733,1,1,1,1,1,10013965
2734,1,1,1,1,1,10013969
2735,1,1,2,2,2,10013973
2736,1,1,2,2,2,10013974
2737,1,1,1,1,1,10013975
2738,1,2,1,1,2,10013983
2739,1,1,1,0,0,10013990
2740,1,1,1,1,1,10013993
2741,1,1,1,1,1,10014004
2742,1,1,1,1,1,10014005
2743,1,1,1,1,1,10014012
2744,1,1,1,1,1,10014013
2745,1,1,1,1,1,10014022
2746,1,1,0,1,1,10014030
2747,1,1,1,1,2,10014038
2748,1,1,2,2,2,10014051
2749,1,2,2,2,2,10014052
2750,1,1,1,1,1,10014057
2751,1,1,2,1,1,10014064
2752,1,1,1,1,1,10014068
2753,0,0,0,0,2,10014071
2754,1,1,1,1,1,10014075
2755,1,1,1,1,1,10014083
2756,1,1,1,1,1,10014084
2757,1,1,1,1,1,10014086
2758,1,1,2,1,1,10014089
2759,1,1,2,2,2,10014090
2760,1,1,1,1,1,10014091
2761,1,1,1,1,2,10014096
2762,1,1,1,1,1,10014100
2763,1,1,1,1,1,10014104
2764,1,2,2,2,2,10014113
2765,1,2,2,2,2,10014122
2766,1,1,1,1,1,10014126
2767,1,1,1,2,1,10014128
2768,1,1,1,2,2,10014129
2769,1,1,1,1,1,10014136
2770,1,1,1,1,1,10014139
2771,2,2,2,2,1,10014140
2772,1,1,0,1,1,10014143
2773,1,1,1,1,1,10014144
2774,1,1,2,2,2,10014156
2775,1,1,1,1,1,10014161
2776,1,1,1,1,1,10014164
2777,1,1,1,1,1,10014169
2778,1,1,1,1,1,10014182
2779,1,1,1,1,1,10014183
2780,1,1,1,1,1,10014189
2781,1,1,1,1,1,10014192
2782,1,1,1,1,1,10014199
2783,1,1,1,1,1,10014213
2784,1,1,2,1,1,10014215
2785,1,1,2,2,2,10014224
2786,0,0,0,0,0,10014231
2787,1,1,1,1,1,10014237
2788,1,1,1,1,2,10014245
2789,1,1,1,1,1,10014251
2790,0,0,0,0,0,10014258
2791,1,1,2,2,2,10014259
2792,1,1,1,1,1,10014264
2793,1,1,1,1,1,10014268
2794,2,2,2,2,2,10014269
2795,1,1,1,1,1,10014274
2796,1,1,0,1,1,10014284
2797,0,0,0,0,0,10014286
2798,1,1,1,1,1,10014289
2799,1,1,1,1,1,10014293
2800,1,1,1,1,1,10014294
2801,1,1,1,1,1,10014296
2802,1,1,1,2,2,10014297
2803,0,0,0,0,0,10014299
2804,1,1,1,1,1,10014304
2805,0,0,0,0,0,10014321
2806,1,1,1,1,1,10014322
2807,1,1,2,2,2,10014332
2808,1,1,1,1,1,10014335
2809,1,1,1,1,1,10014337
2810,1,1,1,1,1,10014348
2811,1,1,1,1,1,10014356
2812,1,1,1,1,1,10014360
2813,1,1,2,2,1,10014363
2814,1,1,1,1,1,10014365
2815,1,1,1,1,1,10014368
2816,1,2,2,2,2,10014372
2817,1,1,1,1,2,10014381
2818,1,1,1,1,1,10014382
2819,1,2,1,1,1,10014384
2820,1,1,1,2,2,10014392
2821,1,1,1,1,2,10014394
2822,1,1,1,1,1,10014406
2823,1,1,1,2,2,10014410
2824,1,1,1,1,1,10014411
2825,0,0,0,0,0,10014413
2826,1,1,1,1,1,10014414
2827,1,1,0,1,2,10014416
2828,1,1,1,1,1,10014424
2829,1,1,1,1,1,10014425
2830,1,1,1,1,1,10014428
2831,1,1,1,1,1,10014431
2832,1,1,1,1,1,10014440
2833,1,1,2,1,1,10014442
2834,1,1,1,1,1,10014447
2835,1,1,1,1,1,10014454
2836,1,1,1,2,1,10014474
2837,1,1,1,1,1,10014476
2838,1,1,1,1,1,10014477
2839,1,1,1,2,2,10014485
2840,1,1,1,1,1,10014487
2841,1,1,1,1,1,10014492
2842,1,1,1,1,1,10014496
2843,1,1,1,1,1,10014498
2844,0,0,0,0,0,10014524
2845,1,1,1,2,1,10014530
2846,1,1,1,1,1,10014534
2847,0,0,0,0,0,10014536
2848,0,0,0,0,0,10014546
2849,0,0,0,0,0,10014558
2850,1,2,2,2,2,10014559
2851,1,1,1,1,2,10014563
2852,1,1,1,2,2,10014565
2853,1,1,1,2,2,10014568
2854,1,1,1,1,1,10014580
2855,1,1,1,1,2,10014584
2856,1,1,1,1,1,10014595
2857,1,1,0,1,1,10014597
2858,1,1,1,1,2,10014602
2859,1,1,1,1,0,10014603
2860,1,1,1,1,1,10014607
2861,1,1,1,1,1,10014608
2862,1,1,1,1,1,10014611
2863,1,1,1,1,1,10014617
2864,1,1,1,1,1,10014618
2865,1,1,1,1,1,10014622
2866,1,1,1,1,1,10014624
2867,1,2,2,2,1,10014625
2868,1,1,1,1,1,10014633
2869,1,1,1,1,1,10014636
2870,0,0,0,0,0,10014640
2871,1,1,1,1,1,10014645
2872,1,1,2,2,2,10014648
2873,0,0,0,0,0,10014658
2874,1,1,1,1,1,10014659
2875,1,1,1,1,0,10014662
2876,1,1,1,1,1,10014668
2877,1,2,2,2,2,10014671
2878,1,1,1,1,1,10014675
2879,1,1,1,1,1,10014676
2880,1,1,1,1,1,10014686
2881,1,1,1,1,1,10014696
2882,0,0,0,0,0,10014701
2883,1,1,1,1,1,10014703
2884,1,1,1,1,1,10014705
2885,1,1,1,1,2,10014706
2886,1,1,1,1,1,10014716
2887,1,1,0,0,1,10014717
2888,1,1,1,1,1,10014718
2889,1,1,1,1,1,10014724
2890,1,1,1,1,1,10014725
2891,0,0,0,0,0,10014731
2892,1,1,2,1,2,10014735
2893,0,0,0,0,0,10014737
2894,1,2,2,1,1,10014742
2895,1,1,1,1,1,10014744
2896,1,1,1,1,0,10014746
2897,0,0,0,0,0,10014752
2898,0,0,0,0,0,10014758
2899,0,0,0,0,0,10014785
2900,0,0,0,0,0,10014788
2901,0,0,0,0,0,10014791
2902,1,1,1,1,1,10014796
2903,1,1,1,1,1,10014805
2904,0,0,0,0,0,10014813
2905,1,1,1,1,2,10014814
2906,0,0,0,0,0,10014815
2907,1,1,1,1,1,10014821
2908,0,0,0,0,0,10014830
2909,0,0,0,0,0,10014831
2910,1,1,1,1,1,10014835
2911,1,1,1,1,1,10014849
2912,1,1,1,1,1,10014863
2913,1,1,1,1,1,10014868
2914,1,1,1,1,1,10014881
2915,0,0,0,0,0,10014883
2916,0,0,0,0,0,10014888
2917,1,1,1,1,1,10014890
2918,1,1,1,2,2,10014892
2919,1,1,1,1,1,10014893
2920,1,1,1,1,1,10014896
2921,1,1,1,1,1,10014898
2922,1,1,1,1,1,10014902
2923,0,0,0,2,2,10014903
2924,1,1,1,1,1,10014905
2925,1,1,1,2,2,10014910
2926,1,2,2,2,2,10014929
2927,1,1,1,1,1,10014948
2928,1,1,1,1,1,10014950
2929,1,1,1,1,2,10014953
2930,1,1,1,1,1,10014959
2931,1,1,1,1,1,10014964
2932,1,1,1,1,1,10014979
2933,1,1,0,1,1,10014985
2934,1,1,0,1,1,10014992
2935,1,1,1,1,1,10014994
2936,1,1,1,1,1,10014997
2937,1,1,1,1,1,10015000
2938,1,1,1,1,1,10015006
2939,1,1,1,1,1,10015008
2940,1,1,1,1,1,10015009
2941,1,1,1,1,1,10015013
2942,1,1,1,1,2,10015021
2943,1,1,1,1,1,10015024
2944,1,1,1,1,1,10015032
2945,1,1,1,1,1,10015037
2946,1,1,1,1,1,10015053
2947,1,1,1,1,1,10015055
2948,1,1,2,2,2,10015058
2949,1,1,1,1,2,10015068
2950,1,1,1,1,1,10015070
2951,1,1,1,1,1,10015072
2952,1,1,1,1,1,10015075
2953,1,1,1,1,1,10015077
2954,1,1,1,2,2,10015079
2955,1,1,2,2,2,10015090
2956,1,1,1,1,1,10015091
2957,1,1,1,1,1,10015094
2958,1,1,1,1,1,10015095
2959,1,2,2,1,1,10015097
2960,1,1,1,1,1,10015103
2961,1,2,2,2,2,10015105
2962,1,2,1,1,1,10015108
2963,1,1,0,1,1,10015115
2964,1,1,1,1,1,10015118
2965,1,1,1,1,2,10015132
2966,1,1,1,1,1,10015134
2967,1,1,1,1,1,10015143
2968,1,2,2,2,1,10015144
2969,1,1,1,1,1,10015146
2970,1,2,2,1,1,10015150
2971,1,1,1,1,1,10015151
2972,1,1,1,1,1,10015166
2973,1,1,1,1,1,10015175
2974,1,1,1,1,2,10015191
2975,0,0,0,0,1,10015193
2976,1,1,2,1,1,10015199
2977,1,1,1,1,1,10015204
2978,1,1,1,2,2,10015212
2979,1,1,1,1,1,10015217
2980,1,1,1,1,1,10015222
2981,1,1,1,1,1,10015228
2982,1,1,1,1,1,10015235
2983,1,1,2,2,1,10015242
2984,1,1,1,1,1,10015245
2985,1,1,1,1,1,10015246
2986,1,2,2,1,2,10015251
2987,1,1,1,2,2,10015252
2988,1,1,1,1,1,10015259
2989,1,1,1,1,1,10015261
2990,1,1,1,1,1,10015270
2991,0,0,0,0,0,10015280
2992,1,1,1,1,1,10015281
2993,0,0,0,0,0,10015282
2994,1,1,1,1,1,10015285
2995,1,1,1,1,2,10015292
2996,0,0,0,0,0,10015302
2997,0,0,0,0,0,10015306
2998,0,0,0,0,0,10015307
2999,0,0,0,0,0,10015309
3000,1,1,1,1,1,10015310
3001,1,1,1,1,1,10015315
3002,0,0,0,0,0,10015324
3003,1,1,1,1,1,10015335
3004,1,1,1,1,1,10015350
3005,1,2,2,2,1,10015352
3006,1,1,1,1,1,10015354
3007,1,1,1,1,1,10015355
3008,1,1,1,1,1,10015358
3009,1,2,2,1,1,10015390
3010,1,1,1,1,1,10015393
3011,1,1,1,1,1,10015400
3012,1,1,2,2,2,10015403
3013,1,1,1,1,1,10015404
3014,1,1,1,1,1,10015410
3015,0,0,0,0,0,10015411
3016,1,1,1,1,1,10015416
3017,0,0,0,0,0,10015419
3018,0,0,0,0,0,10015432
3019,1,1,1,1,1,10015436
3020,1,1,1,1,1,10015439
3021,1,1,0,1,2,10015452
3022,1,1,1,1,1,10015453
3023,1,1,1,1,1,10015465
3024,1,1,1,1,1,10015466
3025,1,1,1,1,2,10015467
3026,1,1,1,1,1,10015470
3027,1,1,1,1,1,10015475
3028,1,1,1,1,1,10015476
3029,1,1,1,2,2,10015477
3030,1,1,1,1,2,10015478
3031,1,1,1,1,1,10015479
3032,1,1,1,1,1,10015491
3033,1,1,1,1,1,10015492
3034,1,1,1,1,1,10015494
3035,0,0,0,0,0,10015497
3036,0,0,0,0,0,10015499
3037,0,0,0,0,1,10015503
3038,1,1,1,1,1,10015507
3039,1,1,1,1,1,10015509
3040,1,1,1,1,1,10015510
3041,1,1,1,1,1,10015512
3042,1,1,1,1,2,10015513
3043,1,1,1,1,1,10015516
3044,1,2,2,1,1,10015520
3045,0,0,0,0,0,10015521
3046,1,1,1,1,1,10015526
3047,0,0,0,2,1,10015527
3048,1,1,2,2,1,10015531
3049,1,1,1,1,1,10015534
3050,1,1,1,1,1,10015535
3051,1,1,1,1,0,10015537
3052,0,0,0,0,0,10015542
3053,1,1,1,1,1,10015546
3054,1,1,1,1,1,10015547
3055,1,1,1,1,1,10015550
3056,1,1,1,1,2,10015561
3057,1,1,1,1,1,10015589
3058,2,2,2,2,2,10015593
3059,1,1,1,1,2,10015595
3060,0,0,0,0,0,10015597
3061,1,1,1,1,1,10015606
3062,1,1,1,1,1,10015608
3063,1,2,2,2,2,10015609
3064,1,1,1,1,2,10015611
3065,1,1,1,1,1,10015619
3066,0,0,0,0,0,10015626
3067,1,1,1,1,1,10015628
3068,1,1,1,1,1,10015630
3069,1,1,1,1,1,10015631
3070,0,0,0,0,0,10015632
3071,1,1,1,1,1,10015633
3072,1,2,1,1,1,10015640
3073,1,1,1,1,2,10015642
3074,1,1,2,2,2,10015644
3075,1,1,1,1,2,10015654
3076,1,1,1,1,1,10015680
3077,1,1,1,1,1,10015699
3078,1,1,1,1,1,10015711
3079,1,1,1,1,1,10015713
3080,1,1,1,2,2,10015715
3081,1,2,2,1,2,10015716
3082,1,1,1,2,2,10015718
3083,1,1,1,1,1,10015722
3084,1,1,1,1,2,10015733
3085,1,1,1,1,2,10015736
3086,1,1,1,1,2,10015740
3087,1,1,2,1,1,10015741
3088,1,1,1,1,1,10015745
3089,1,1,1,1,2,10015751
3090,1,1,1,1,1,10015752
3091,1,1,1,1,1,10015760
3092,1,1,1,1,1,10015769
3093,1,1,1,1,1,10015770
3094,1,1,1,1,1,10015773
3095,1,1,1,1,1,10015775
3096,1,1,2,2,1,10015784
3097,1,1,1,1,1,10015788
3098,1,1,1,1,1,10015791
3099,1,1,1,1,1,10015792
3100,1,1,2,2,2,10015796
3101,1,1,1,1,2,10015799
3102,1,1,1,1,1,10015810
3103,1,1,1,1,1,10015816
3104,1,1,1,1,1,10015826
3105,2,2,2,2,2,10015828
3106,1,1,1,1,1,10015839
3107,1,1,2,2,0,10015846
3108,1,1,2,2,2,10015847
3109,1,1,1,1,1,10015849
3110,1,1,1,0,0,10015857
3111,1,1,2,2,2,10015860
3112,1,1,1,1,2,10015863
3113,0,0,0,0,0,10015872
3114,0,0,0,2,2,10015886
3115,1,1,1,1,1,10015887
3116,1,1,1,1,1,10015897
3117,1,1,1,1,1,10015901
3118,1,1,1,1,1,10015906
3119,1,1,1,1,1,10015910
3120,1,1,1,1,2,10015922
3121,1,2,2,2,2,10015927
3122,1,1,1,2,1,10015934
3123,1,1,1,1,1,10015939
3124,1,1,0,2,1,10015944
3125,0,0,0,0,0,10015946
3126,1,1,1,1,1,10015948
3127,1,1,1,1,1,10015952
3128,1,1,1,1,1,10015954
3129,1,1,1,1,2,10015966
3130,1,1,1,1,1,10015979
3131,1,1,0,1,1,10015984
3132,1,1,1,1,1,10015987
3133,1,1,1,1,2,10015990
3134,1,1,1,1,1,10016000
3135,1,1,1,1,1,10016002
3136,1,1,1,1,1,10016013
3137,1,2,2,2,1,10016017
3138,1,1,1,1,1,10016024
3139,2,2,2,2,2,10016028
3140,1,1,1,1,1,10016031
3141,2,2,2,2,2,10016037
3142,1,1,1,1,1,10016042
3143,1,1,2,2,1,10016043
3144,1,1,1,0,2,10016049
3145,1,1,1,1,1,10016054
3146,1,1,0,0,0,10016055
3147,1,1,2,2,2,10016056
3148,1,1,1,2,2,10016057
3149,1,1,1,1,1,10016064
3150,1,1,1,1,1,10016071
3151,1,1,1,1,1,10016079
3152,1,1,1,1,1,10016082
3153,1,1,1,1,1,10016094
3154,1,1,1,1,1,10016105
3155,1,1,1,2,2,10016110
3156,1,1,1,1,1,10016122
3157,1,1,1,1,1,10016129
3158,1,1,1,2,1,10016134
3159,1,1,1,1,1,10016135
3160,1,1,1,1,1,10016136
3161,1,1,1,1,1,10016138
3162,1,1,1,1,1,10016146
3163,2,2,2,2,2,10016157
3164,1,1,2,2,1,10016163
3165,1,1,1,1,1,10016176
3166,1,1,1,1,1,10016177
3167,1,1,1,1,1,10016181
3168,1,1,1,1,1,10016186
3169,1,1,1,1,1,10016188
3170,0,0,0,0,1,10016196
3171,1,1,1,1,1,10016199
3172,1,1,1,1,1,10016202
3173,0,0,0,0,0,10016203
3174,1,1,1,1,1,10016238
3175,1,1,1,1,1,10016244
3176,0,0,0,0,0,10016247
3177,1,1,1,1,1,10016250
3178,1,1,1,1,1,10016251
3179,1,1,1,1,1,10016252
3180,1,1,1,1,1,10016256
3181,1,1,1,1,1,10016259
3182,1,1,1,1,2,10016261
3183,0,0,0,0,0,10016271
3184,1,1,1,1,1,10016274
3185,1,1,1,1,1,10016280
3186,1,1,1,1,1,10016281
3187,1,1,1,1,1,10016292
3188,1,1,1,1,1,10016293
3189,1,1,1,1,2,10016294
3190,1,1,1,1,1,10016295
3191,1,1,1,1,1,10016296
3192,2,2,2,2,2,10016300
3193,1,1,1,1,1,10016301
3194,1,1,1,1,1,10016304
3195,1,1,0,0,2,10016306
3196,1,1,1,1,1,10016307
3197,1,1,1,1,1,10016308
3198,1,1,1,1,1,10016309
3199,1,2,2,2,2,10016312
3200,1,1,1,1,1,10016314
3201,1,1,1,1,1,10016316
3202,1,1,1,2,2,10016334
3203,1,1,1,1,1,10016342
3204,1,1,2,2,1,10016346
3205,1,1,1,2,2,10016349
3206,1,1,1,1,1,10016350
3207,1,1,1,1,1,10016360
3208,0,0,0,0,0,10016362
3209,1,1,1,1,1,10016366
3210,1,1,1,2,2,10016373
3211,1,1,1,1,1,10016379
3212,1,1,1,1,1,10016381
3213,1,1,1,1,1,10016382
3214,0,0,0,0,0,10016383
3215,1,1,1,2,2,10016388
3216,0,0,0,0,0,10016391
3217,1,1,1,1,1,10016403
3218,1,1,1,1,1,10016407
3219,1,0,0,0,1,10016410
3220,1,1,1,1,1,10016415
3221,1,1,1,1,1,10016416
3222,1,1,1,1,2,10016420
3223,1,1,2,2,2,10016429
3224,1,2,1,2,2,10016435
3225,1,1,1,1,1,10016438
3226,1,1,1,1,1,10016443
3227,1,1,1,1,1,10016447
3228,1,1,1,1,2,10016449
3229,1,1,1,1,1,10016453
3230,1,1,1,1,1,10016456
3231,1,1,1,1,1,10016462
3232,1,2,2,1,1,10016464
3233,0,0,0,0,0,10016465
3234,0,0,0,0,0,10016466
3235,1,1,2,2,2,10016496
3236,1,1,1,1,1,10016512
3237,0,0,0,0,0,10016515
3238,1,1,1,1,1,10016534
3239,0,0,0,0,0,10016535
3240,1,1,1,1,1,10016539
3241,1,1,2,2,2,10016555
3242,1,1,2,1,1,10016556
3243,1,1,1,1,1,10016567
3244,1,1,1,1,1,10016569
3245,1,1,1,1,1,10016570
3246,1,1,1,1,1,10016577
3247,1,2,2,2,2,10016583
3248,1,1,1,1,1,10016595
3249,1,1,1,1,1,10016596
3250,1,1,1,1,1,10016597
3251,1,1,1,2,2,10016600
3252,1,1,1,1,1,10016619
3253,1,1,1,1,1,10016621
3254,1,1,1,1,1,10016638
3255,1,1,1,1,2,10016645
3256,1,1,1,1,1,10016647
3257,1,1,1,1,1,10016649
3258,1,1,0,0,0,10016651
3259,1,1,1,1,1,10016659
3260,1,1,1,1,1,10016669
3261,1,1,2,2,2,10016671
3262,1,1,2,1,1,10016679
3263,1,1,1,1,1,10016686
3264,0,0,0,0,0,10016691
3265,1,1,1,1,1,10016701
3266,1,1,1,1,1,10016705
3267,1,1,1,1,1,10016711
3268,1,1,1,2,1,10016713
3269,1,1,1,1,1,10016725
3270,1,1,1,1,1,10016728
3271,1,1,1,1,0,10016729
3272,0,0,0,0,0,10016731
3273,1,1,1,1,1,10016742
3274,1,1,2,2,2,10016749
3275,1,1,1,1,1,10016754
3276,1,1,1,1,2,10016764
3277,1,1,1,1,1,10016768
3278,1,1,1,1,1,10016771
3279,1,1,1,1,1,10016787
3280,1,2,2,1,1,10016789
3281,1,1,1,2,2,10016793
3282,1,1,1,1,1,10016798
3283,1,1,1,1,1,10016802
3284,1,1,1,2,1,10016806
3285,1,1,1,1,2,10016808
3286,1,1,1,1,1,10016815
3287,1,1,1,1,2,10016816
3288,1,1,1,1,1,10016825
3289,1,1,1,1,2,10016832
3290,1,1,1,1,1,10016838
3291,1,2,2,2,2,10016839
3292,1,1,1,1,0,10016842
3293,2,2,2,2,2,10016843
3294,0,0,0,0,0,10016849
3295,1,1,1,1,1,10016855
3296,1,1,1,1,2,10016857
3297,1,1,1,1,1,10016859
3298,1,1,1,1,2,10016865
3299,1,2,2,1,1,10016867
3300,1,1,1,1,2,10016877
3301,1,1,1,1,2,10016878
3302,1,1,1,2,1,10016889
3303,2,2,2,2,1,10016893
3304,1,1,1,1,1,10016895
3305,1,1,1,1,1,10016902
3306,1,2,1,1,1,10016908
3307,1,1,1,1,1,10016909
3308,1,1,1,1,1,10016914
3309,1,2,2,1,1,10016916
3310,1,1,1,1,0,10016918
3311,1,1,1,2,2,10016924
3312,1,1,1,1,1,10016934
3313,1,1,1,1,1,10016940
3314,1,1,1,1,1,10016949
3315,1,1,1,1,1,10016950
3316,1,1,1,1,0,10016962
3317,1,1,1,1,1,10016963
3318,1,1,1,1,1,10016967
3319,1,1,1,2,2,10016970
3320,1,1,1,1,1,10016977
3321,1,1,1,1,1,10016983
3322,1,1,2,1,1,10016985
3323,0,0,0,0,0,10016988
3324,0,0,0,0,0,10016992
3325,1,1,1,1,1,10016996
3326,1,2,2,2,2,10016997
3327,1,1,1,1,1,10017001
3328,1,2,2,1,2,10017010
3329,1,1,1,1,1,10017012
3330,1,1,0,1,1,10017022
3331,1,1,1,1,1,10017028
3332,1,2,2,2,2,10017030
3333,1,2,2,2,2,10017033
3334,1,1,1,1,1,10017037
3335,0,0,0,0,0,10017049
3336,1,1,1,1,2,10017057
3337,0,0,0,0,1,10017060
3338,1,1,1,1,1,10017068
3339,1,1,1,1,1,10017069
3340,1,1,1,2,2,10017072
3341,0,0,0,0,1,10017074
3342,1,1,1,2,2,10017076
3343,1,1,2,2,2,10017079
3344,1,1,1,1,1,10017081
3345,1,1,1,1,1,10017085
3346,0,0,0,0,0,10017086
3347,1,2,2,2,2,10017096
3348,1,1,1,1,1,10017102
3349,1,1,1,1,1,10017108
3350,1,1,1,1,1,10017118
3351,1,1,1,2,1,10017130
3352,1,1,1,1,1,10017133
3353,1,1,1,1,1,10017134
3354,1,1,0,1,1,10017139
3355,1,1,1,1,1,10017141
3356,1,1,1,1,2,10017144
3357,1,1,1,1,1,10017148
3358,1,1,1,1,1,10017154
3359,1,1,1,1,1,10017155
3360,1,1,1,1,1,10017156
3361,1,1,1,1,1,10017159
3362,1,1,1,1,2,10017164
3363,1,1,1,1,2,10017165
3364,0,0,0,0,0,10017170
3365,1,1,1,1,1,10017172
3366,1,1,1,1,1,10017176
3367,1,1,1,1,1,10017179
3368,1,1,1,1,1,10017181
3369,1,1,1,1,1,10017182
3370,1,1,1,1,2,10017191
3371,1,1,1,1,1,10017193
3372,1,1,2,2,2,10017195
3373,1,1,1,1,2,10017199
3374,1,1,1,2,1,10017202
3375,1,2,2,2,2,10017206
3376,1,1,1,1,1,10017214
3377,0,0,0,0,0,10017216
3378,1,1,1,1,1,10017223
3379,1,1,1,1,2,10017226
3380,1,1,1,1,2,10017228
3381,1,1,1,1,1,10017229
3382,1,1,1,1,1,10017235
3383,1,1,0,1,1,10017238
3384,1,1,1,1,1,10017244
3385,1,1,1,1,1,10017245
3386,1,1,1,1,2,10017256
