,xgb1,xgb2,xgb3,xgb4,xgb5,y_test
7812,1,1,2,2,2,1
3505,1,1,1,2,2,1
4210,1,1,1,1,1,2
7949,1,1,1,1,2,1
1439,1,2,1,1,1,1
2240,1,1,1,1,1,0
498,1,1,1,1,1,1
1892,1,2,2,2,2,1
5440,1,1,1,1,1,1
1657,1,1,1,2,2,1
3998,1,1,1,1,1,2
4532,1,1,1,2,2,2
7571,0,0,0,0,0,0
4456,2,2,2,2,2,2
1500,0,0,0,0,0,0
3974,2,2,2,2,2,2
3497,1,1,1,1,1,1
4645,1,1,1,1,1,1
2538,0,0,0,0,0,0
711,1,1,1,1,1,1
5646,1,1,2,2,2,1
1406,1,1,1,1,1,1
2425,1,1,1,1,1,1
5,1,1,0,0,0,1
5725,1,1,1,1,1,1
9558,1,1,1,1,1,1
1160,1,1,1,1,1,1
7757,1,1,1,1,2,1
3378,1,1,1,1,1,1
7637,1,1,2,2,2,2
9920,1,1,1,1,1,2
4495,0,0,0,0,0,0
9165,1,1,2,2,2,1
4678,1,2,2,2,2,2
8764,1,1,2,1,1,0
422,1,1,1,1,1,1
1311,1,1,1,1,1,1
7276,0,0,0,0,0,0
3850,1,1,1,1,1,1
2160,1,1,1,1,1,1
10304,1,1,1,1,1,1
797,1,1,1,1,1,1
3297,1,1,1,1,1,2
6896,1,1,1,1,1,1
2175,1,1,1,1,2,1
97,1,1,1,1,2,1
5424,1,1,1,1,1,2
6557,0,0,0,0,0,0
4918,1,1,1,1,1,1
5181,0,0,0,0,0,0
9320,1,1,1,1,1,1
1261,1,1,1,1,1,1
9762,1,1,1,1,1,2
432,0,0,0,0,0,1
1791,0,0,0,0,0,0
4187,1,1,1,2,2,1
5912,1,1,1,1,1,1
5310,1,1,1,2,2,2
10233,1,2,2,2,2,2
638,1,1,1,1,1,2
5623,1,1,1,1,1,2
8520,1,1,1,1,1,1
4820,1,1,1,1,1,1
3367,1,1,1,1,2,2
5063,1,1,1,1,1,1
9524,1,2,2,2,2,2
1274,1,1,1,1,1,1
2119,1,1,2,2,2,2
794,1,1,1,1,1,1
3970,1,1,1,1,0,1
5644,1,1,1,1,1,1
1277,1,2,2,1,2,2
8008,1,1,1,1,1,2
3444,0,0,0,0,0,0
110,1,1,1,1,1,1
865,1,1,1,1,1,2
3123,1,1,1,1,1,1
4980,1,1,1,1,1,1
291,0,0,0,0,0,0
2484,1,1,1,2,2,1
5046,1,1,0,1,1,1
4011,1,1,0,1,1,1
7737,1,1,1,1,1,1
5785,1,1,1,1,1,1
1339,1,1,1,1,1,1
2101,0,0,0,0,0,1
9603,1,2,2,1,1,2
3844,0,0,0,0,0,0
7334,1,1,1,1,1,1
6676,0,0,0,0,0,0
2977,1,1,1,2,1,1
9998,1,1,1,1,1,1
1976,1,1,1,1,1,1
2985,1,1,1,1,1,1
3557,1,1,1,1,1,2
2262,1,1,1,1,1,1
488,1,1,2,1,2,1
6716,0,0,0,0,0,0
5893,1,1,1,1,2,1
4248,1,1,1,1,1,1
5144,1,1,1,1,1,2
6007,1,1,1,2,2,1
7272,1,1,1,2,2,2
7441,1,1,1,2,1,1
1047,1,1,1,1,1,1
2253,1,1,1,1,1,1
4154,1,1,1,1,1,1
2742,1,1,1,1,1,2
7490,1,1,1,1,1,2
529,1,1,1,1,1,1
9662,1,1,1,1,1,1
3141,1,1,1,1,1,1
3289,1,1,1,1,1,1
4489,1,1,1,1,1,0
1338,1,1,1,1,1,2
9351,1,1,1,1,1,1
7534,1,1,1,1,1,1
10109,1,1,1,1,1,1
1757,1,1,1,1,1,1
6168,1,1,1,1,1,1
8396,1,1,1,1,1,1
8176,1,1,1,1,1,1
9144,1,1,1,1,1,1
5902,1,1,1,1,1,1
1270,1,1,1,1,1,1
8056,1,2,2,2,2,2
4898,1,1,1,1,1,1
2753,1,1,1,1,1,1
7603,1,1,1,1,1,1
8101,1,1,1,1,1,1
8549,1,1,2,2,2,1
4168,1,1,1,1,1,2
731,1,1,1,2,2,2
1794,1,1,1,1,1,2
3993,1,1,1,2,2,2
9797,0,0,0,0,0,0
6477,1,1,1,1,1,1
5128,1,1,2,2,2,2
4295,0,0,0,0,0,0
6568,1,1,1,1,1,1
10071,1,1,1,1,1,1
7252,1,1,1,1,2,1
1554,0,0,0,0,0,2
2026,1,1,1,1,1,1
700,1,1,1,1,1,2
8268,0,0,0,0,0,0
4416,0,0,0,0,0,0
1432,1,1,1,1,1,1
505,1,1,1,1,1,1
1710,1,1,2,2,1,2
7703,1,1,1,1,1,2
2946,0,0,0,0,0,0
5051,1,1,1,1,1,1
7226,1,1,1,1,1,1
7699,1,1,1,1,1,1
6242,0,0,0,0,0,1
2213,0,0,0,0,0,0
2762,1,1,1,2,1,1
3248,1,1,1,1,2,1
6019,1,1,2,2,2,1
1986,1,1,1,1,1,2
105,1,1,1,1,2,2
7601,1,1,0,1,1,2
8561,1,1,1,1,2,1
3667,1,1,2,2,2,1
6281,1,1,1,1,1,1
8305,1,1,1,1,1,2
7939,1,1,1,2,2,0
663,1,1,1,2,2,1
19,0,0,0,0,0,0
7130,1,1,1,2,2,2
8921,1,1,1,1,1,2
4345,1,1,2,2,2,1
5178,1,1,2,1,1,1
6378,1,1,1,1,1,2
2187,0,0,0,0,0,0
9383,1,1,1,1,1,0
10125,1,1,1,1,1,2
2683,1,1,1,1,1,2
7953,0,0,0,0,0,1
7318,1,2,1,1,1,2
10194,1,1,1,1,1,1
5891,1,1,1,1,1,1
3485,1,1,1,2,1,2
8000,1,1,1,0,2,1
5743,1,1,1,1,1,2
6607,0,0,0,0,0,0
6639,1,1,1,2,2,1
5906,1,1,1,1,1,2
2073,1,1,1,2,2,1
9535,1,1,1,1,1,2
6352,1,1,1,2,2,1
4022,1,1,1,1,1,1
9962,1,1,1,1,2,2
6365,1,1,1,2,2,1
9386,0,0,0,0,0,0
7880,1,1,2,2,2,1
821,1,1,1,1,1,1
5874,1,1,1,2,2,1
8512,1,1,1,1,1,1
2897,1,1,1,2,2,1
5976,1,1,1,1,1,1
9228,1,1,0,0,0,1
4298,1,1,1,1,1,2
3473,1,1,1,1,1,2
5629,1,1,1,1,1,1
7482,1,1,1,1,2,2
698,0,0,0,0,0,2
9613,1,1,1,2,2,2
3828,1,1,1,1,2,1
6337,1,1,1,1,1,2
2434,0,0,0,0,0,0
1206,0,0,0,0,0,0
2923,1,1,1,1,1,1
3269,1,2,2,2,2,1
1273,1,1,2,2,2,2
2067,1,1,1,1,1,2
8007,1,1,1,1,1,1
100,1,1,1,1,1,1
3335,1,1,1,1,2,1
7567,1,1,0,1,0,1
7761,1,1,1,0,0,1
3942,1,1,1,1,1,1
5670,1,1,1,1,0,1
9738,1,1,1,1,1,1
3637,1,1,1,1,1,1
6041,1,1,1,1,1,1
10290,1,1,1,1,1,1
5057,1,1,1,1,1,1
1654,1,1,1,1,2,1
10012,1,1,1,1,1,1
4711,1,1,1,1,1,2
166,0,0,0,0,0,0
5169,1,1,1,1,1,1
5685,1,1,1,1,2,1
8143,1,2,1,1,2,2
2277,1,1,1,1,1,1
8802,1,1,1,1,2,1
7801,1,1,1,1,1,1
5971,0,0,0,0,0,0
1322,1,1,1,1,1,1
6066,1,1,1,1,1,2
275,1,1,1,2,2,2
6253,1,1,1,1,1,1
2536,1,1,1,1,1,1
8453,1,1,1,1,1,2
8400,1,1,1,1,2,2
8659,1,1,1,1,1,1
8145,1,1,1,1,1,2
5147,1,2,2,1,1,2
2621,1,1,1,2,2,0
5269,1,1,1,1,1,2
9650,0,0,0,0,0,0
2332,1,1,1,1,1,1
6846,1,1,1,1,1,1
2665,1,1,1,1,1,1
3062,1,1,1,0,1,2
625,1,1,1,1,1,1
8371,1,1,1,0,1,0
6613,0,0,0,0,0,0
406,1,1,1,1,2,2
9447,0,0,0,0,0,0
6295,1,1,2,2,2,2
2304,1,1,1,1,1,1
2153,1,1,1,1,1,1
7395,1,1,1,1,1,1
5497,1,1,1,1,1,1
8174,1,1,1,1,2,1
9019,1,1,1,1,1,1
7951,1,1,1,1,1,2
7322,1,1,1,1,1,0
2210,1,1,1,1,2,1
8299,1,1,1,1,1,2
9637,1,1,1,1,1,1
6199,1,1,1,1,1,1
9103,1,1,1,2,2,2
7999,1,1,1,1,1,1
8421,1,1,1,1,1,1
7791,0,0,0,0,0,0
3917,1,1,1,1,1,2
4994,1,1,1,1,2,2
9616,1,2,2,2,2,2
4959,0,0,0,2,2,2
2321,1,1,1,1,1,1
9468,1,1,1,1,1,1
380,1,1,1,1,1,1
5477,1,1,1,1,1,2
6121,1,1,2,2,2,1
1809,1,1,1,2,1,2
2639,1,1,1,2,2,1
8275,0,0,0,2,0,2
4140,1,1,1,1,1,2
6472,1,1,1,1,2,1
6156,1,1,1,2,2,1
9400,1,2,2,2,2,1
9042,1,1,1,1,1,1
3479,1,1,1,1,1,2
1054,1,1,0,0,0,1
8633,1,1,1,1,1,2
3242,1,1,1,1,1,1
7702,1,1,1,1,2,0
10295,1,1,1,1,2,1
5275,1,1,1,1,2,2
10136,1,1,2,1,1,1
6070,1,1,1,1,1,1
8464,0,0,0,0,0,0
8865,1,1,2,2,2,2
7326,1,1,1,1,1,1
6364,0,0,0,2,2,0
9457,1,1,1,1,1,2
8537,1,1,1,2,2,2
10138,0,0,0,0,0,0
2644,1,1,1,1,1,1
2052,0,0,0,0,0,0
3436,1,1,1,1,1,2
9604,1,1,1,1,1,1
4213,1,1,2,2,2,2
7551,1,1,1,2,1,2
239,1,1,1,1,1,1
2716,0,0,0,0,0,0
3288,1,1,1,1,1,1
8278,1,1,2,1,1,1
592,1,1,1,1,1,1
692,1,1,1,1,1,1
9118,1,1,1,1,1,1
7002,1,1,1,2,2,0
2872,1,1,1,1,1,1
990,0,0,0,0,1,1
8373,1,1,1,1,1,1
5210,0,0,0,0,0,0
5935,1,1,1,1,2,1
5957,1,1,1,1,1,0
4817,1,1,1,1,1,2
5156,1,1,1,1,2,1
7931,1,1,2,2,2,2
613,1,1,1,1,2,2
1476,1,1,2,2,2,2
1869,1,1,1,1,1,2
799,1,1,2,2,2,1
6126,1,1,1,1,1,1
7622,1,1,1,2,2,2
6122,1,1,1,1,1,2
6182,1,2,2,2,1,2
8467,1,1,1,1,1,2
10160,1,1,1,1,1,1
3908,1,1,1,1,1,1
4066,1,1,1,1,1,1
8750,1,1,1,1,1,1
1891,1,1,1,1,1,2
6724,0,0,0,0,0,2
8424,1,1,0,1,0,2
3064,1,1,1,1,1,1
9759,1,1,1,1,1,1
1444,1,1,0,0,0,0
2255,1,1,1,1,1,2
9684,1,1,1,1,1,2
7100,1,1,1,1,1,2
3728,1,1,2,2,2,1
7306,1,1,1,1,1,1
5212,1,1,1,1,1,1
7824,0,0,0,0,0,0
7147,1,1,1,1,1,1
3306,1,1,1,1,1,1
7794,1,2,2,1,1,0
8702,1,1,1,2,2,2
6962,1,1,1,1,1,1
298,1,1,1,1,0,1
9947,1,1,1,1,2,1
8389,1,1,0,1,1,1
10149,1,1,1,1,2,1
8295,1,2,2,2,1,1
2406,1,1,1,2,2,2
4373,1,1,1,1,1,1
851,1,1,1,1,1,1
8928,0,0,0,0,0,0
10103,1,1,1,1,1,1
4726,0,0,0,0,0,0
3131,1,1,2,1,1,2
6840,1,1,2,2,2,1
9803,1,1,2,2,2,2
5435,1,1,1,2,2,1
2986,1,1,1,1,1,2
3847,1,1,1,1,1,1
4892,1,1,1,1,2,1
9074,1,1,2,2,2,1
3029,1,1,1,1,1,2
2439,1,1,1,1,1,1
10042,1,1,1,1,1,1
9949,1,1,1,2,2,2
1280,1,1,1,2,2,1
7497,1,1,1,1,1,0
8812,1,1,0,1,1,1
4756,1,1,1,1,1,1
7747,1,1,1,1,1,1
1315,1,1,1,1,1,1
4907,1,1,1,1,2,1
7734,0,0,0,0,0,2
4844,1,1,1,1,1,1
2271,1,1,1,1,1,1
2443,1,1,1,1,1,2
3860,1,1,1,1,1,1
7782,1,1,1,1,2,2
4061,1,1,1,1,2,2
8449,1,1,1,1,1,2
6259,0,0,0,0,0,0
6755,1,1,1,1,1,1
4330,1,1,1,1,2,1
4479,1,1,1,1,1,0
6079,1,1,1,1,1,1
1662,1,1,1,2,2,0
2260,0,0,0,1,1,0
1946,1,2,2,2,2,1
986,1,1,1,1,1,2
6384,1,1,1,1,1,2
513,1,1,1,1,1,1
10212,0,0,0,0,0,2
7916,1,1,1,1,1,1
187,1,1,1,1,1,1
574,1,1,1,1,1,1
6680,1,1,1,1,1,1
6032,1,1,1,2,2,1
7525,1,1,0,0,0,1
3502,1,1,1,1,1,1
3784,1,1,1,1,1,1
10308,1,1,1,1,1,2
9379,1,1,1,1,2,2
3663,2,2,2,2,1,2
927,1,1,1,1,1,1
2097,1,2,2,2,1,2
6995,1,1,1,1,1,1
4750,1,1,1,1,1,2
8406,1,2,1,1,1,2
5577,0,0,0,0,0,0
4860,1,1,1,1,1,2
3115,1,1,2,2,2,2
9398,1,1,1,1,1,1
4228,1,1,1,2,2,2
9847,1,1,1,2,1,1
1720,1,1,1,2,1,1
9402,1,1,1,1,1,0
1137,2,2,2,2,2,2
8748,1,1,1,2,1,1
1232,1,1,1,1,1,2
5613,1,1,1,1,1,1
1262,1,1,1,1,1,2
4697,0,0,0,0,0,0
6538,1,1,2,2,1,1
1814,1,1,1,1,2,2
3125,1,1,1,1,1,2
5330,1,1,1,1,2,1
7866,1,1,1,1,1,1
6987,1,1,1,1,1,1
6395,1,1,1,2,2,1
8738,1,1,1,1,2,1
9149,1,1,1,1,1,1
1041,1,1,1,2,2,2
2915,0,0,0,0,0,0
9284,1,1,1,2,2,1
1383,0,0,0,0,0,1
7465,1,1,1,1,1,2
2292,1,1,1,1,1,1
8619,1,1,2,2,2,2
3111,1,1,1,1,1,1
6976,1,1,1,1,1,2
1768,1,1,1,2,2,2
6072,1,1,1,1,1,1
3278,1,1,2,2,2,2
4308,1,1,1,1,2,1
1752,1,1,1,1,1,1
2789,1,1,1,1,1,1
3989,1,1,1,1,1,1
9668,1,1,1,1,1,1
9135,1,1,2,1,1,1
3858,1,1,0,0,0,1
7955,1,1,1,1,1,1
1370,1,1,1,1,1,1
8200,1,1,1,1,1,2
3699,1,1,1,1,1,1
596,1,1,1,1,1,2
8856,1,1,1,1,1,2
4950,1,1,1,1,1,2
8957,1,1,1,1,1,1
7173,1,1,1,1,1,1
2964,1,2,2,2,2,1
8279,2,2,2,2,2,1
3432,1,1,1,1,1,1
7979,1,1,1,2,2,2
10243,1,1,1,1,1,2
7415,1,1,1,1,1,1
8170,1,1,1,1,1,1
2617,1,1,0,2,2,2
1628,1,1,1,1,1,2
6424,1,1,1,1,1,1
3100,1,1,0,0,0,1
5149,1,1,1,1,1,1
1098,1,1,1,2,2,1
6265,1,1,1,1,1,2
7467,1,1,1,1,1,1
7180,1,1,1,1,1,2
9656,1,1,1,1,1,2
6133,1,1,1,1,1,2
8213,1,1,1,1,1,2
9201,1,1,1,1,1,1
9568,1,1,1,1,1,1
10265,1,1,1,1,1,1
9435,1,1,1,1,1,1
624,1,1,1,1,1,1
3017,0,0,0,0,0,0
46,1,1,1,1,1,1
1556,1,1,1,1,1,2
2350,1,1,1,1,1,1
9414,1,2,2,2,2,2
5161,1,2,2,2,2,2
6728,0,0,0,0,0,0
7046,1,1,1,1,1,2
9990,1,1,1,1,2,1
7084,1,1,1,1,1,1
3674,0,0,0,0,0,0
9799,1,1,1,1,1,2
3704,0,0,0,0,0,0
2056,1,1,1,1,1,1
3292,1,1,1,2,1,1
9449,1,1,2,2,2,1
5829,1,1,1,1,1,2
7508,1,1,1,1,1,2
4296,1,1,1,1,2,1
5278,1,1,1,1,1,1
618,1,1,1,1,2,1
4475,1,1,1,2,2,2
1531,1,2,2,2,2,2
3049,1,1,2,2,2,1
1079,1,1,0,0,0,1
8752,2,2,2,2,2,2
1171,1,1,2,2,1,2
2167,1,1,1,1,2,2
1683,1,1,1,1,1,1
6887,1,1,1,2,1,1
3192,1,1,1,1,1,1
803,1,1,1,1,2,1
8976,1,1,1,2,2,1
2447,1,1,1,1,1,2
10134,1,1,1,1,2,1
3846,1,1,1,1,1,2
5875,1,1,1,1,1,1
4874,1,1,2,2,2,2
9158,1,1,1,1,1,1
8413,1,2,2,2,2,2
508,1,1,0,0,0,0
7362,1,1,1,1,1,1
9600,0,0,0,0,0,0
1650,0,0,0,0,0,2
1660,1,2,2,1,1,1
7073,1,1,1,1,1,1
5802,1,1,1,1,1,1
394,1,1,1,1,1,1
1092,1,1,1,1,1,2
3649,1,1,1,1,1,2
8777,0,0,0,0,0,1
4449,1,1,1,1,1,1
4836,0,0,0,0,0,0
3883,1,1,1,1,1,2
3389,1,1,1,1,1,1
6487,1,1,2,2,2,2
644,0,0,0,0,0,0
2211,1,1,1,1,1,2
3093,1,1,1,1,1,1
6619,1,1,2,2,2,1
8608,1,1,1,2,2,2
9343,1,1,1,1,2,1
2776,1,1,1,1,1,1
9720,1,1,1,1,1,1
7033,1,1,1,1,1,1
4420,0,0,0,0,0,0
216,1,1,1,1,1,1
8743,1,1,2,2,2,0
1154,1,2,2,1,1,1
5072,1,1,1,1,1,2
3477,1,1,1,1,1,1
4136,1,2,2,1,1,2
7215,1,1,1,1,1,1
1521,0,0,0,0,0,1
1868,1,1,1,1,2,1
8547,1,1,2,2,2,2
28,1,1,1,1,1,1
9410,1,1,1,2,2,1
7129,1,1,1,1,1,2
4431,1,1,1,1,2,1
2397,1,1,1,1,1,1
7961,1,1,1,1,1,0
2788,1,1,1,1,1,2
4837,1,1,1,1,1,1
7877,1,1,2,2,2,1
5044,1,1,1,1,1,1
762,1,1,1,1,1,1
7529,1,2,2,2,2,2
2770,1,1,1,1,2,2
6031,1,1,1,1,1,2
5291,1,1,1,1,1,1
5482,0,0,0,0,0,1
4212,1,1,2,1,1,1
2913,1,1,1,1,1,1
5106,1,1,1,1,1,1
8657,1,1,1,1,1,2
4705,1,1,1,1,1,1
6695,1,2,2,2,2,2
1480,1,1,1,1,1,1
3596,1,1,1,2,2,1
3718,1,1,1,1,1,1
8412,1,1,1,1,1,2
2780,1,1,1,1,1,1
139,1,1,1,1,1,1
8415,1,1,1,2,1,1
9597,0,0,0,0,1,0
6636,1,1,1,1,1,1
573,1,1,1,1,1,1
3947,1,1,2,2,2,2
8018,1,1,1,1,1,2
10084,1,1,1,1,2,1
8962,1,1,1,1,2,2
1842,1,1,1,1,1,1
9380,1,1,1,1,1,1
7412,1,1,2,2,2,1
546,1,1,1,1,1,1
1084,1,1,1,1,1,1
4200,1,1,1,2,2,2
2871,0,0,0,0,0,0
2876,1,1,1,1,1,1
5065,1,1,2,1,2,2
4426,1,1,1,1,1,1
8869,1,1,1,1,1,1
7363,1,1,1,1,1,2
3157,1,1,1,1,1,1
430,1,1,1,1,1,1
6262,1,1,1,1,1,2
4422,1,1,1,1,1,1
5414,1,1,1,1,1,1
6503,1,1,1,1,1,1
8672,1,1,1,1,1,1
485,1,1,1,1,1,1
7143,1,1,2,2,2,1
2137,1,1,1,2,2,1
4184,1,1,1,1,1,1
1150,1,1,1,1,1,1
8710,1,1,1,1,1,0
2054,1,1,1,1,1,2
6602,1,1,1,1,2,1
7673,1,1,1,1,1,1
8895,1,1,1,1,1,1
8938,0,0,0,0,0,2
9043,0,0,0,0,0,0
3536,1,1,1,1,1,2
1920,1,1,1,1,1,2
2750,1,1,1,1,1,2
8965,1,1,1,1,1,2
963,1,1,1,1,1,1
8452,1,1,1,1,1,1
390,0,0,0,0,0,2
2527,1,1,1,0,1,2
8332,1,1,2,2,2,1
6912,1,1,1,1,2,2
959,1,1,1,1,1,1
4208,1,1,1,1,1,2
4039,1,1,1,1,1,1
6715,1,1,1,1,1,1
3348,1,1,0,1,1,1
3916,1,1,1,2,2,1
4440,1,1,1,2,2,2
4506,1,1,1,1,1,2
4878,1,1,1,1,1,1
4971,1,1,1,1,1,1
6713,1,1,1,1,1,1
2555,1,1,1,1,1,1
6274,1,1,1,1,1,1
2335,1,1,1,1,1,1
5110,1,1,2,2,2,1
2396,1,1,1,2,2,2
4999,1,1,1,2,2,1
9189,1,1,1,1,1,1
7282,1,1,1,1,2,2
3874,1,1,1,1,1,1
9146,0,0,0,0,1,0
4015,1,1,1,1,1,1
9193,1,1,1,1,1,1
7043,1,1,1,1,1,1
10297,1,1,2,2,2,2
4963,1,1,1,1,2,2
1632,1,1,1,1,1,2
7086,1,1,1,1,1,1
1599,1,1,2,2,2,2
1718,0,0,0,0,0,0
6244,0,0,0,0,0,0
8725,0,0,0,0,0,0
8695,0,0,0,0,0,0
9478,1,1,1,1,1,1
1604,2,2,2,2,2,1
9573,1,1,1,1,1,2
4713,1,1,1,2,2,2
7167,1,1,1,1,1,2
10324,1,1,1,1,1,2
1494,1,1,1,2,2,2
3619,1,1,1,1,1,1
6627,1,1,1,1,2,1
493,1,1,1,1,2,2
8021,1,1,1,1,1,1
9350,1,1,1,1,1,1
2049,1,1,1,1,1,1
7286,1,1,1,1,1,1
1534,1,1,1,1,1,1
2368,1,1,1,1,2,2
6332,1,1,1,1,1,2
7040,1,1,1,1,1,2
5751,1,1,1,2,2,1
6630,1,1,1,1,2,1
4050,0,0,0,0,0,0
6573,1,1,1,1,1,1
1246,1,1,1,1,2,1
8694,0,0,0,0,0,0
2302,0,0,0,0,0,0
1330,1,1,1,1,1,1
8294,1,1,1,1,1,2
966,0,0,0,0,0,0
7533,1,2,2,1,1,2
575,1,1,1,1,1,2
4669,1,1,1,1,0,1
8890,1,1,1,1,2,1
5028,1,1,2,2,2,1
674,1,1,1,1,1,1
2118,1,1,1,1,2,2
2829,1,1,1,1,1,1
7905,1,1,1,1,1,1
452,1,1,1,1,1,1
483,1,1,1,1,1,1
1416,1,1,1,1,1,2
9719,1,1,1,1,1,1
2769,1,1,1,1,1,1
4246,2,2,2,2,2,2
91,1,1,1,1,1,1
8402,0,0,0,0,0,0
4229,1,1,0,0,1,0
6897,1,1,1,2,2,1
3913,1,1,1,1,1,2
10232,1,1,1,1,1,1
5580,0,0,0,0,0,0
9185,1,1,1,1,2,2
5730,1,1,2,2,1,1
9104,1,1,1,1,1,2
6333,1,1,2,2,2,2
9552,1,1,1,2,2,1
6870,1,1,1,1,1,1
7313,1,1,1,1,1,2
7886,1,1,1,1,1,2
8978,1,1,1,1,1,2
3919,1,1,1,1,2,1
7527,1,1,1,2,2,1
5679,1,1,2,2,2,1
3382,1,1,1,1,1,2
10353,1,1,1,1,1,1
5825,1,1,1,1,2,1
3403,1,2,2,2,2,2
3038,1,1,1,1,1,1
4175,1,1,1,1,1,1
2215,1,1,1,1,2,1
7230,1,1,1,1,1,2
7489,1,1,1,1,1,1
8700,1,1,1,1,1,1
10293,1,1,2,2,2,1
2300,0,0,0,0,0,0
10183,1,1,1,1,1,1
4490,0,0,0,0,2,1
10126,1,1,1,1,1,1
2366,1,1,1,1,2,1
3658,1,1,1,1,1,1
9005,1,1,1,1,1,1
6594,1,1,1,1,1,1
2256,1,1,1,1,1,1
4754,1,1,1,1,1,1
9724,1,1,1,1,1,1
6942,1,1,2,1,2,2
4998,1,1,1,1,1,2
6531,1,2,2,2,1,1
1267,1,1,1,1,1,1
49,1,2,2,2,2,2
5735,1,1,1,1,1,2
1351,1,1,1,1,1,0
3077,1,1,1,1,1,1
7468,1,1,1,1,1,2
7957,0,0,0,0,0,0
3096,1,1,1,1,1,1
7728,1,1,1,1,1,2
1005,1,1,1,1,1,1
3606,1,1,1,1,1,0
9664,1,1,1,1,1,1
3231,1,1,1,1,1,1
131,0,0,0,0,0,0
5781,1,1,1,1,1,1
7224,1,1,1,1,1,1
5954,1,1,1,1,1,2
7696,0,0,0,0,0,0
6444,1,1,1,1,1,2
4584,1,1,1,1,1,2
9242,1,2,2,1,1,2
3543,1,1,1,1,2,1
2015,1,1,1,1,1,2
9853,1,1,1,1,1,1
8808,1,1,1,1,1,1
7700,1,1,1,2,2,1
7291,1,1,1,1,1,1
2901,1,1,1,1,1,1
691,1,1,1,1,1,1
377,1,1,1,1,1,1
2810,1,1,1,1,1,1
8703,1,2,2,1,1,1
2011,1,1,2,2,2,1
1897,1,1,1,1,1,1
7466,1,1,2,2,1,2
3903,1,1,1,1,1,1
7183,0,0,0,1,1,0
188,1,1,1,1,1,1
6497,1,1,1,1,1,0
222,1,1,2,2,2,1
5512,1,1,1,2,2,1
2159,1,1,1,2,1,1
4333,1,1,1,1,1,1
6116,2,2,2,2,2,2
4824,1,2,2,2,2,2
9892,1,1,1,2,2,0
5514,1,1,1,1,1,2
8428,1,1,1,1,1,2
6790,1,1,1,1,1,2
9373,1,1,1,1,2,1
10291,1,1,1,1,1,1
5166,1,1,1,0,1,2
3417,1,1,1,1,1,2
2007,1,1,1,1,1,1
4452,1,1,2,2,1,2
1166,1,1,1,2,2,2
4145,1,1,1,1,1,2
4679,0,0,0,2,2,0
4684,1,1,1,1,1,1
3819,1,1,1,1,1,2
7205,1,1,1,2,2,1
5847,1,1,1,1,1,1
1108,1,1,1,1,1,1
4501,1,1,2,1,1,2
8379,0,0,0,0,0,1
3833,0,0,0,0,0,1
74,1,1,1,1,1,1
6758,1,1,0,0,0,1
6586,1,1,1,1,1,1
7726,1,1,1,1,1,1
1350,1,1,1,2,1,2
4793,1,1,1,1,1,0
6933,1,1,1,1,1,1
7669,1,1,1,1,1,1
7725,1,1,1,2,2,1
2586,1,1,1,1,2,2
9011,1,1,1,1,1,2
6574,0,0,0,0,0,0
8405,1,1,2,2,2,2
5216,1,1,1,2,2,1
2850,1,1,1,2,2,1
2774,1,1,1,2,2,2
4768,1,2,2,2,2,2
8783,0,0,0,0,0,0
3274,1,1,1,1,1,2
426,1,1,1,1,1,1
6889,1,1,1,1,1,1
4924,1,1,1,1,1,1
8165,0,0,0,0,1,0
1057,1,1,1,1,1,2
2173,1,1,1,1,1,2
1727,1,1,1,1,1,1
2407,1,1,1,2,1,2
3245,1,1,1,1,1,1
1474,1,1,1,1,1,1
6201,1,1,1,2,2,1
1374,0,0,0,0,0,0
1651,1,1,1,1,1,1
8254,1,2,2,2,2,1
6998,1,1,1,1,1,1
3392,0,0,0,0,0,0
4638,1,1,1,1,1,2
6726,1,1,1,1,1,1
8709,1,1,1,2,1,1
658,1,1,1,1,1,1
795,0,0,0,0,0,0
8893,1,1,1,1,2,2
344,1,1,2,2,2,1
9334,1,1,1,2,1,1
3174,1,1,0,0,0,1
9266,0,0,0,0,0,0
10274,1,1,0,0,0,1
5541,1,1,1,1,1,1
4730,0,0,0,0,1,0
7428,1,2,2,2,1,1
9879,1,1,1,1,1,2
4358,1,1,1,1,1,1
4076,1,1,1,1,2,2
7376,1,1,1,1,2,1
2974,1,1,1,1,1,1
1579,1,1,1,1,1,1
1119,1,1,1,2,2,1
7245,1,1,1,1,2,1
5243,1,1,1,1,1,1
5669,1,1,1,1,1,1
869,1,1,1,1,1,2
9694,1,1,1,1,1,1
5697,2,2,2,1,1,2
7610,1,1,0,1,1,1
6340,1,1,1,1,1,1
5201,1,1,1,1,1,1
6017,1,1,1,1,1,1
476,1,1,1,2,2,1
2642,1,1,1,1,1,1
459,1,1,1,1,1,1
1113,1,1,1,1,1,1
9753,1,1,1,1,1,1
6166,1,1,1,1,1,2
2631,0,0,0,0,0,0
125,1,2,2,2,1,0
1233,0,0,0,0,0,1
8074,1,2,2,2,2,1
822,1,1,1,1,1,1
8175,0,0,0,0,0,0
9178,1,1,1,1,2,2
9733,1,1,2,2,2,1
4641,1,1,2,2,2,1
179,1,1,1,1,1,1
2907,1,2,2,2,2,1
7740,0,0,0,0,0,0
6117,1,1,1,1,1,1
5687,1,1,2,2,2,2
2190,1,1,1,1,1,0
6389,1,1,1,2,2,2
3304,1,1,2,2,2,1
8779,1,1,0,1,1,1
4423,1,1,1,1,1,1
4198,1,1,1,1,1,2
9700,2,2,2,2,2,2
375,1,1,1,1,1,2
2441,1,1,1,1,2,1
645,1,1,1,1,1,2
1606,1,1,1,1,1,2
1360,1,1,2,2,1,1
3298,1,1,1,1,1,1
8251,0,0,0,0,0,1
5428,1,1,1,1,2,2
4257,1,1,2,1,2,1
5049,1,1,1,1,1,1
4537,1,1,2,1,2,2
8583,1,1,1,1,1,1
551,1,1,1,1,1,1
9559,1,1,1,1,1,2
1750,1,1,1,1,2,1
5744,1,1,2,2,1,1
1162,1,1,1,1,1,2
6969,1,1,1,1,1,1
4403,1,1,1,1,1,1
3767,1,1,1,1,1,1
1837,1,1,1,1,1,1
2207,0,0,0,0,0,0
6492,1,1,1,1,1,2
6988,1,1,1,2,2,2
9875,1,1,1,1,1,2
9960,1,1,1,1,1,2
3040,1,1,2,1,1,1
7108,1,1,1,1,2,1
1753,1,1,1,2,2,2
5457,0,0,0,0,0,0
5760,1,1,1,1,1,2
6825,1,1,1,1,1,1
8216,2,2,2,2,2,1
3579,1,1,1,1,1,1
4996,1,1,1,2,2,1
1015,0,0,0,1,1,0
4828,1,1,1,2,1,2
10343,1,1,1,1,1,1
9396,1,1,1,1,2,0
7103,1,1,1,1,2,1
6448,1,2,2,2,2,2
2878,1,1,1,1,1,1
7037,1,1,1,1,1,1
5252,1,1,1,1,1,2
1738,1,1,1,1,1,1
668,1,1,1,1,1,2
2402,1,1,1,1,1,1
3387,1,1,1,1,1,1
5307,1,1,1,2,2,2
1285,1,1,1,1,1,1
8692,1,1,1,1,1,1
6091,1,1,1,1,1,0
995,1,1,1,1,2,1
5032,1,1,1,2,2,2
6708,1,1,1,1,1,2
6660,1,1,1,1,1,1
6414,1,1,1,2,2,1
587,1,1,1,1,1,1
8602,1,1,1,1,1,1
6652,0,0,0,0,0,0
6993,1,1,1,1,1,1
4270,1,1,1,2,2,1
4003,1,1,1,1,1,1
9150,1,1,1,1,1,1
10195,1,2,2,1,1,2
5807,1,2,2,2,2,1
3806,1,1,0,0,0,1
8466,1,1,0,0,1,2
8495,1,1,1,1,1,2
3246,1,1,1,1,1,1
838,1,1,1,1,1,1
5961,1,1,1,1,1,2
5582,0,0,0,0,0,1
1822,0,0,0,0,0,0
1805,0,0,0,0,0,0
272,1,1,1,1,1,1
2074,1,1,1,1,1,1
2564,1,1,1,1,1,1
4467,1,1,1,1,1,1
535,0,0,0,0,2,0
8529,0,0,0,0,0,0
1059,1,1,1,1,1,2
5793,1,1,1,1,1,1
9693,1,1,1,1,1,2
5101,1,1,1,1,1,0
2050,1,1,1,1,2,2
1647,0,0,0,0,0,0
1682,0,0,0,0,0,0
7027,1,1,1,1,1,1
5598,1,1,1,1,1,1
9120,1,1,1,1,1,1
4653,1,1,1,1,1,1
8622,0,0,0,0,0,0
7309,1,1,1,1,1,2
5894,1,1,1,1,1,1
3801,2,2,2,2,2,2
404,1,1,1,1,1,1
4818,1,1,1,1,1,2
10339,1,1,1,1,1,1
6278,1,1,1,1,1,1
6634,1,1,1,1,2,1
10202,1,1,1,1,1,2
1224,0,0,0,0,0,0
9744,1,1,1,1,1,1
7232,1,1,2,2,2,2
7559,1,1,1,1,1,1
8163,1,1,1,1,1,2
4611,1,1,1,1,1,1
9155,1,1,1,2,2,1
653,1,1,1,2,2,2
1900,0,0,0,0,0,0
7945,1,1,2,2,2,2
4761,2,2,2,2,2,2
3825,1,1,1,1,1,1
900,1,1,1,1,1,1
1336,1,1,1,1,2,1
4095,1,1,2,2,2,1
8587,1,1,1,1,2,2
9709,1,1,1,1,2,1
8731,1,1,1,1,2,1
616,1,1,1,1,1,1
7687,1,1,0,2,2,1
2139,1,1,2,2,2,2
1586,0,0,0,0,0,0
1025,1,1,1,2,2,2
9254,1,1,1,1,1,1
9041,1,1,1,2,2,1
4581,1,1,1,1,1,1
1486,1,1,1,1,2,1
4400,1,1,1,1,1,1
3345,1,1,2,2,2,2
9256,1,1,1,1,2,2
4648,1,1,1,1,2,1
3558,1,1,2,2,2,1
9796,1,1,1,1,1,1
9706,1,1,1,1,1,1
7204,1,1,1,1,1,0
8235,1,1,2,2,2,1
8804,1,1,1,1,1,0
8196,1,1,1,2,2,2
5069,0,0,0,0,0,0
9903,0,0,0,0,0,0
7344,1,1,1,1,1,2
4165,1,1,1,2,1,1
3447,1,1,2,2,2,2
10030,0,0,0,0,0,0
8463,1,1,1,1,1,1
5798,1,1,1,1,2,1
2274,1,2,2,1,1,1
3222,1,1,1,1,2,2
1035,2,2,2,2,2,2
2938,1,1,2,2,1,1
7131,1,1,1,2,2,2
3386,1,1,1,1,1,2
1381,0,0,0,0,0,0
5419,1,1,1,1,1,1
4182,1,1,1,1,1,2
1755,1,1,1,1,1,1
3766,1,1,1,1,1,1
9726,1,1,1,2,2,2
10,1,1,1,1,1,2
1771,1,1,1,1,1,1
2494,1,1,1,2,2,2
331,0,0,0,0,0,1
1916,1,1,1,1,2,2
4627,1,2,2,2,2,2
7274,1,1,1,1,1,2
569,1,1,1,1,1,1
5925,1,1,1,2,2,1
852,1,1,1,1,1,0
9062,1,1,0,0,1,2
10020,1,1,1,1,1,1
7432,1,1,1,1,2,2
1770,1,1,1,1,1,2
6985,1,1,1,2,2,2
7970,1,1,1,1,1,1
9852,1,1,1,1,1,1
197,1,1,1,1,1,1
9828,1,1,1,1,1,1
6189,1,1,1,1,1,1
7553,1,1,1,1,1,2
8477,1,1,1,1,1,1
9921,0,0,0,0,2,0
8792,1,1,1,1,1,1
8904,1,1,1,2,2,1
2479,1,1,1,1,1,1
3324,1,2,2,2,2,2
4031,1,1,1,2,2,2
3677,1,1,1,1,1,1
5035,1,1,1,1,1,1
1096,1,1,1,1,1,1
7179,1,1,1,1,1,2
3063,1,1,1,1,1,2
8630,1,1,1,2,1,2
4804,1,1,1,2,2,1
2064,1,1,1,1,1,1
909,1,1,1,1,1,2
9844,1,1,1,1,1,2
9780,1,1,1,1,1,1
186,1,1,1,1,1,1
182,1,1,2,2,2,1
6167,1,1,2,2,2,1
1091,1,1,1,2,2,2
8924,1,1,1,1,1,0
1173,1,1,1,2,2,1
8881,0,0,0,0,0,0
6649,1,1,1,1,1,1
3356,1,1,2,2,2,1
8356,1,1,1,2,2,1
3110,1,1,1,1,1,2
6884,1,1,1,1,2,2
10052,1,1,1,1,2,1
9358,1,1,2,2,2,1
2483,1,1,1,1,2,1
9894,1,2,2,1,1,1
860,1,1,1,1,2,2
7095,1,1,1,1,1,2
9767,1,1,1,1,1,0
8784,1,1,1,1,2,1
1875,1,1,2,2,2,2
218,1,1,1,1,1,1
5634,1,1,1,1,1,1
6400,1,1,1,1,1,2
2312,1,2,2,2,2,2
7283,1,1,1,1,1,1
8712,1,1,1,1,1,1
6546,1,1,2,2,2,2
1956,1,1,1,1,1,1
215,1,1,1,1,1,1
7765,1,1,2,2,2,1
178,1,1,1,1,1,1
3498,1,1,1,1,1,2
887,1,1,1,1,1,2
9326,1,1,1,1,1,1
8876,1,1,1,1,1,1
1619,1,1,0,2,2,1
10150,1,1,1,2,1,1
9493,1,1,2,2,1,1
1993,1,1,1,1,2,1
9691,1,1,1,1,1,1
8049,1,1,1,1,1,2
1653,1,1,1,1,1,1
4516,1,1,1,1,1,2
3013,1,1,1,1,1,2
5945,1,1,1,1,1,1
8964,1,1,1,1,1,1
7339,1,1,1,1,1,1
9695,1,1,2,2,2,1
4762,1,1,1,2,2,1
9370,1,1,1,2,1,1
7109,1,1,1,1,1,1
8789,1,1,1,1,1,2
6915,1,1,1,1,1,0
1428,1,1,1,1,1,1
5033,1,1,1,2,2,2
2216,1,1,1,1,1,2
2334,1,1,1,1,2,2
1879,1,1,1,1,2,2
4106,1,1,1,1,1,1
2761,1,1,1,1,1,2
1368,0,0,0,0,0,0
2966,1,1,1,2,2,1
231,1,1,1,1,1,1
4017,1,1,1,2,2,1
7735,1,1,1,1,1,1
1094,1,1,1,1,1,1
1297,0,0,0,0,0,1
5135,1,1,1,1,1,1
321,1,1,1,1,2,1
5736,1,1,1,1,1,1
4480,1,2,2,1,2,2
7629,1,1,1,2,1,2
1234,1,1,1,1,1,2
7805,1,1,2,2,2,1
3973,0,0,0,0,2,0
8742,1,2,2,2,2,2
4901,1,1,1,2,1,2
5625,0,0,0,0,0,0
1244,1,1,1,1,2,1
9340,1,1,1,1,1,1
5778,1,1,1,1,1,1
8892,1,1,1,1,1,1
7797,0,0,0,0,0,0
7539,1,1,1,1,1,2
32,0,0,0,0,0,0
5490,1,1,1,1,1,2
7594,1,2,2,2,2,1
251,1,1,1,2,1,1
7884,1,2,2,2,2,2
6762,1,1,1,1,1,1
10341,1,1,1,1,1,2
7708,1,1,1,1,1,1
2530,1,1,1,1,1,2
129,1,1,1,1,1,1
7564,1,1,1,1,1,2
1276,1,1,1,2,2,2
7473,1,1,1,1,1,1
4686,1,1,1,1,1,1
9841,0,0,0,0,0,0
7404,1,1,1,1,1,2
3979,1,1,2,2,2,1
5560,1,1,1,1,1,2
8106,1,1,1,1,1,2
1423,1,1,1,1,1,1
157,0,0,0,0,0,0
2908,1,1,1,2,2,1
10335,1,1,1,1,1,2
5271,1,1,1,1,1,2
2490,0,0,0,0,0,0
2571,1,1,1,1,1,2
4868,1,1,1,1,1,1
7004,1,1,1,1,1,1
1323,1,1,1,1,2,1
2165,1,1,1,2,2,1
5200,1,1,1,1,1,1
9353,1,1,1,1,1,1
6526,1,1,1,1,1,2
2263,1,1,1,1,1,1
8044,1,1,1,1,1,1
5752,1,1,2,2,1,1
10200,1,1,2,1,1,2
7328,1,1,1,1,1,1
1515,1,1,1,1,2,1
8581,1,1,1,1,1,1
6701,1,1,1,1,1,1
276,1,1,1,1,1,1
3019,0,0,0,0,0,0
8031,1,1,1,1,1,2
10263,1,1,1,1,1,2
579,1,1,2,2,2,1
4231,1,1,1,1,1,1
9099,1,1,1,1,1,1
8553,1,1,1,1,1,1
7614,1,1,1,1,1,1
1724,1,1,1,1,1,0
307,1,1,1,1,1,2
4265,0,0,0,0,0,0
3965,1,1,1,1,2,2
9817,1,1,2,2,2,2
7121,1,1,1,1,1,1
283,1,1,1,1,1,1
7562,1,1,1,1,2,1
9026,1,1,1,1,1,0
5680,1,1,1,1,1,1
3400,1,1,1,1,1,1
5151,1,1,1,1,1,1
8914,1,1,2,2,2,1
7589,1,1,1,1,1,1
2408,1,1,1,1,2,1
410,1,1,1,1,2,2
7343,1,1,1,1,1,2
6761,1,1,1,2,2,1
2640,1,1,1,1,1,1
7209,1,1,1,2,1,1
6693,1,1,1,2,2,2
2154,1,1,1,1,1,1
9631,1,1,1,2,2,1
2748,1,1,1,2,2,2
8162,1,1,1,2,0,1
1302,1,1,1,1,1,1
5616,1,1,1,1,1,1
5737,0,0,0,0,0,0
3894,1,1,1,1,2,1
2002,1,1,1,1,2,2
786,1,1,1,1,1,1
1933,1,1,2,2,2,1
6489,0,0,0,0,0,2
374,1,1,1,1,1,2
6479,1,1,1,1,1,2
10056,1,1,1,1,1,1
2471,1,1,1,1,1,1
4826,1,1,1,1,1,1
8448,1,1,1,1,1,2
1072,1,1,1,1,1,2
8038,1,1,1,1,1,1
2142,0,0,0,0,0,0
7691,1,1,1,1,1,2
9336,1,1,2,2,2,1
3441,1,1,1,1,2,1
837,1,1,1,1,1,1
8984,1,1,1,1,1,2
5242,1,1,2,2,2,2
279,2,2,2,2,2,2
7665,1,1,2,2,2,1
9034,1,1,1,1,1,1
10271,1,2,2,1,1,2
1539,1,1,1,2,2,1
8592,1,1,2,2,2,2
7960,1,1,1,2,2,1
219,1,1,1,1,1,1
9800,1,1,2,2,2,1
1509,1,1,1,1,1,2
7590,1,1,1,2,2,1
1819,1,1,1,1,0,2
6562,1,1,1,1,1,1
10209,1,1,1,1,2,2
5897,1,2,1,1,2,2
9982,1,1,1,2,2,1
9024,1,1,1,2,2,2
2719,2,2,2,2,2,2
3785,1,1,2,2,2,1
4137,1,1,1,1,1,2
7913,0,0,0,0,0,0
4957,1,1,2,2,2,1
6826,1,1,1,1,1,1
3272,1,1,1,1,1,1
9082,1,1,1,1,1,1
4592,1,1,0,1,0,1
10251,0,0,0,0,0,0
1473,1,1,1,1,1,2
662,1,1,1,1,1,1
9821,1,1,1,1,1,1
8873,1,1,1,2,2,0
3126,1,1,1,1,1,1
7314,2,2,2,2,2,2
5844,1,1,1,1,1,1
7597,1,1,1,1,1,1
8814,1,1,1,1,1,2
8207,0,0,0,0,1,1
6901,0,0,0,0,0,0
9181,1,1,1,1,1,1
9116,1,1,1,1,2,2
825,1,1,1,1,1,1
5123,1,2,2,2,2,2
9855,1,1,2,2,2,2
1164,1,1,2,2,2,2
7158,1,1,1,1,1,1
976,1,1,1,1,1,1
7851,1,1,1,1,1,2
4269,0,0,0,0,0,0
4190,0,0,0,0,0,0
4969,1,1,2,2,2,1
695,1,1,1,1,1,1
9360,1,1,1,1,1,2
699,1,1,1,1,1,2
2768,1,1,1,1,1,1
4451,1,1,1,1,1,2
9846,0,0,0,0,0,2
3577,1,1,1,1,1,2
1203,1,1,1,1,1,0
4103,1,1,1,1,2,1
2692,1,1,1,2,2,2
3351,1,2,2,1,2,1
1121,1,1,1,2,2,1
6195,1,1,1,1,2,1
9069,1,1,1,1,1,1
6436,1,1,1,1,1,1
4365,1,1,1,1,1,1
5359,1,1,1,1,1,0
8390,0,0,0,0,0,1
4012,1,1,1,1,1,1
8336,1,1,1,2,2,2
7883,1,1,1,1,1,1
4843,1,1,1,1,1,1
3957,1,1,1,1,1,1
3265,1,1,1,1,1,1
3698,2,2,2,2,2,1
7115,0,0,0,0,0,0
8061,1,1,1,1,1,1
7351,0,0,0,0,0,0
1287,1,1,1,1,2,1
6811,1,1,1,1,2,1
3155,1,1,1,1,1,2
7859,1,1,2,1,2,2
135,1,1,1,1,1,1
4453,1,1,1,1,2,2
540,1,1,2,1,2,1
3710,1,1,1,1,1,2
1943,1,1,1,1,1,2
1877,0,0,0,0,0,2
8298,1,1,0,0,0,1
6718,1,1,1,2,2,2
7177,1,1,2,2,2,2
8933,1,1,2,2,2,2
4281,1,1,1,1,1,1
8234,1,1,1,1,1,1
6892,1,1,1,1,1,1
4237,1,1,1,1,1,1
4563,1,1,1,1,2,1
3402,1,1,1,1,1,1
7587,1,1,1,1,2,1
9770,1,1,1,1,1,1
3352,1,1,1,1,1,1
6591,1,1,1,1,1,2
7437,1,1,2,2,2,1
7053,0,0,0,1,1,0
411,1,1,1,1,1,1
9652,0,0,0,0,0,0
381,1,1,1,1,1,1
3794,1,1,1,2,2,2
6589,1,1,1,1,1,1
5985,1,1,1,1,1,0
9735,1,1,1,1,1,2
2148,1,1,1,1,1,2
2104,1,1,1,1,1,2
4040,1,1,1,2,1,2
1845,1,1,1,1,1,1
4007,1,1,1,1,1,1
6048,1,1,1,1,1,1
4045,1,1,1,1,1,1
5493,1,1,1,1,1,0
8650,1,2,2,2,2,2
8667,1,1,1,1,1,1
2084,1,1,0,1,1,1
1966,1,1,1,0,0,1
1559,1,1,2,1,1,2
9205,1,1,2,2,2,1
2981,1,1,1,1,1,1
9096,1,1,1,1,1,1
142,0,0,0,0,0,1
4469,0,0,0,0,0,0
1396,1,1,2,1,1,1
2010,1,1,1,2,2,1
1838,1,1,1,1,1,0
1067,1,1,1,1,1,1
2906,1,1,2,1,1,1
194,1,1,0,0,0,1
6588,1,1,1,1,1,1
6767,1,1,2,2,2,1
7257,1,1,1,1,2,1
6766,1,1,1,1,1,1
5614,1,1,1,1,1,1
3940,1,1,1,1,1,1
6287,1,2,2,2,1,1
935,1,1,1,1,1,0
9384,0,0,0,0,0,0
1985,1,1,1,1,1,2
132,1,1,2,2,2,1
6303,1,1,1,1,1,0
1605,1,2,1,1,1,1
919,1,1,1,1,1,1
10068,1,1,1,1,1,1
9218,0,0,0,0,0,0
9819,1,1,1,2,2,1
9365,1,1,1,1,1,2
6819,0,0,0,0,0,2
6419,1,1,1,2,2,1
918,1,1,1,1,1,1
103,0,0,0,0,1,2
2737,1,1,2,2,1,1
4582,2,2,2,2,2,2
7538,1,1,1,1,1,1
8929,1,1,1,1,2,1
4111,1,1,1,1,1,1
252,1,1,1,2,1,1
1631,1,1,1,1,2,2
2367,1,1,1,1,2,1
1184,1,1,1,1,1,1
7254,1,1,1,1,1,1
3199,1,1,1,1,2,2
355,1,1,2,2,2,1
6968,0,0,0,0,1,0
1259,1,1,1,1,1,2
6785,1,2,2,1,2,1
2899,1,1,1,1,1,1
9911,1,1,1,1,1,1
6220,1,1,1,1,1,1
8188,1,1,1,1,2,1
1329,1,1,1,1,1,1
9040,1,1,1,1,1,1
4348,1,1,1,1,2,2
1456,0,0,0,0,0,2
3047,1,1,1,1,1,1
4564,1,1,1,1,1,1
5745,1,1,1,1,1,2
8458,1,1,1,1,1,1
1099,1,1,2,1,2,2
3214,1,1,1,1,1,1
2228,1,1,1,1,2,1
2593,1,1,1,1,1,1
2360,1,1,1,1,2,2
5848,0,0,0,0,0,0
2363,1,1,1,1,1,1
9611,1,1,1,1,1,2
5699,1,1,1,2,2,2
5632,1,1,1,1,1,1
3695,1,1,1,1,2,2
8829,1,1,1,1,1,2
7434,1,1,1,1,2,1
3804,1,1,0,0,0,1
1553,1,1,1,1,1,1
4570,1,1,1,1,1,0
10008,1,1,1,2,2,2
5834,1,1,1,1,1,1
6757,1,1,1,1,1,1
3705,1,1,1,1,1,1
7895,1,1,1,2,2,1
6198,1,1,1,1,2,2
120,1,1,1,2,2,2
6279,0,0,0,0,0,0
144,1,1,2,1,1,1
8822,1,1,1,1,2,2
2488,1,1,1,1,2,2
8047,1,1,1,1,1,1
7666,0,0,0,0,0,0
8530,1,1,1,1,1,1
3675,1,1,1,1,1,1
8866,0,0,0,0,0,0
8735,1,1,1,1,1,1
10077,1,1,1,1,1,1
6732,0,0,0,0,0,0
6684,1,1,1,2,1,2
5366,1,1,1,1,1,1
6794,1,1,2,2,2,1
6504,1,1,1,1,0,2
6582,1,1,1,2,2,2
9406,1,1,1,1,1,1
3009,1,1,1,1,1,1
6548,1,1,1,1,1,1
7247,1,1,1,1,1,1
1519,1,1,1,1,1,1
6733,1,1,1,1,1,1
8303,1,1,1,1,1,1
4396,0,0,0,0,0,2
3983,1,1,1,1,2,1
5038,1,1,1,1,1,1
263,0,0,0,0,0,0
5523,1,1,1,1,1,1
4313,1,1,1,1,1,1
9085,1,1,1,1,1,2
6590,1,1,1,2,2,2
9145,1,1,0,1,1,1
5920,1,1,1,1,1,1
9119,1,1,1,1,2,1
323,1,1,1,1,1,2
8120,0,0,0,0,0,0
4643,1,1,1,1,1,2
6584,1,1,1,1,1,1
5335,1,1,1,2,2,2
7705,1,1,1,1,1,1
8726,1,1,1,1,1,1
2862,1,1,1,1,1,2
5660,1,1,1,2,1,2
1921,1,1,1,2,2,1
7219,1,1,1,1,1,1
4337,0,0,0,0,0,0
1176,1,1,1,1,1,2
1598,1,1,0,0,1,2
7324,0,0,0,0,0,0
9625,0,0,0,0,0,0
526,1,1,1,1,1,2
8256,1,1,1,1,1,1
4550,1,1,1,2,2,1
8090,1,1,1,1,1,2
3905,1,1,1,2,1,2
2811,1,1,1,1,1,1
2168,1,1,1,0,0,1
4633,1,1,0,0,0,0
1144,1,2,2,1,2,2
1292,1,1,1,1,1,0
9437,1,1,1,1,2,2
8716,0,0,0,0,0,0
3829,1,1,1,1,1,1
3626,1,1,1,0,1,2
3726,1,1,1,1,1,1
4342,1,1,1,1,1,1
9654,1,1,1,1,1,1
8768,1,1,1,1,1,2
6343,1,1,1,1,1,1
6257,1,1,1,1,1,1
7444,1,1,1,1,1,1
9915,1,1,1,1,1,1
3104,0,0,0,0,2,0
9624,1,1,2,2,1,1
1446,1,1,1,1,1,2
7090,2,2,2,2,2,2
9956,1,1,1,1,1,1
6738,1,1,1,1,1,1
7810,1,1,2,2,2,2
7081,0,0,0,0,0,0
7015,1,1,1,1,1,2
2756,1,1,1,1,1,1
3820,1,1,1,1,1,2
3593,1,1,1,1,1,0
9601,1,1,1,1,1,1
1844,1,1,1,1,1,2
9335,1,1,1,1,1,1
1172,2,2,2,1,1,2
9169,1,1,2,2,2,1
8344,1,1,2,2,1,1
10151,1,1,1,1,1,2
1800,1,1,1,1,1,1
6520,1,1,1,1,1,1
4293,1,1,1,1,1,1
1644,1,1,1,1,1,1
2623,1,1,1,1,1,2
1006,1,1,1,1,1,1
8211,1,2,2,2,2,2
703,1,1,1,1,1,1
6197,1,1,1,1,2,1
1898,1,1,1,1,1,2
3122,1,1,1,1,1,1
7656,1,1,1,1,1,1
1648,1,1,1,1,1,2
7701,1,1,1,1,1,1
5933,1,1,1,1,1,1
8973,1,1,2,1,1,2
745,0,0,0,0,0,0
10268,1,2,2,2,1,1
4226,1,1,1,2,2,1
9867,1,1,1,1,1,2
93,1,1,1,1,2,2
3770,1,2,1,1,1,1
8409,1,1,1,1,1,1
8900,1,1,1,2,2,1
2376,1,1,1,1,2,1
9084,1,1,2,2,2,1
3311,1,1,1,1,2,1
2146,1,1,1,1,2,1
5605,1,1,2,2,2,1
2784,1,1,0,0,0,2
5405,1,1,2,1,1,2
9440,1,1,1,1,1,1
1566,1,1,1,1,1,1
716,1,1,1,1,1,0
9215,0,0,0,0,1,0
2510,1,1,1,1,1,1
6087,1,1,1,1,1,2
1382,1,1,1,2,2,1
1789,1,1,1,2,2,2
876,1,1,1,1,1,2
4568,1,1,2,2,2,1
106,2,2,2,1,2,2
9615,1,1,2,2,1,2
1667,1,1,1,1,1,1
9523,1,1,1,1,1,1
4466,1,1,1,1,2,1
8545,1,2,2,2,1,2
501,1,2,2,1,1,1
47,1,1,1,1,1,1
4078,1,1,1,1,1,1
1387,1,1,1,1,1,1
1880,1,1,1,1,1,1
6077,1,1,1,1,1,1
6945,1,1,1,1,1,2
8613,0,0,0,0,0,0
736,1,1,1,1,1,1
3349,1,1,1,1,2,1
4515,1,1,1,1,1,1
2779,0,0,0,0,0,1
5357,1,1,1,1,1,1
3612,1,1,1,1,2,1
5574,1,1,1,1,1,1
9725,1,2,2,1,1,2
1371,1,1,1,1,1,1
1324,1,1,1,1,2,1
6217,1,1,1,1,1,1
5026,1,2,1,1,2,2
2854,1,1,1,1,1,1
2081,1,1,1,1,1,1
4316,1,1,1,2,2,1
180,1,1,1,2,1,1
8153,1,1,1,1,1,1
9642,1,1,2,2,1,2
543,1,1,1,1,1,1
6847,1,1,1,1,1,1
7321,1,1,1,1,1,0
5083,1,1,1,1,1,1
3706,1,1,1,1,1,0
5682,1,1,1,1,1,2
6273,1,1,2,2,2,1
6606,1,1,1,1,1,0
1592,1,1,1,1,1,2
706,0,0,0,0,0,0
10303,0,0,0,0,0,0
7119,1,1,1,1,1,1
3511,1,1,1,1,1,1
3323,1,1,1,1,1,1
10239,1,1,1,1,1,1
6440,1,1,1,1,1,2
9138,1,1,1,1,1,1
1208,1,1,1,1,1,1
2802,1,1,1,1,1,2
3633,1,1,1,2,2,1
5564,1,1,1,1,1,1
9822,1,1,1,0,0,1
9503,1,1,1,1,2,1
6916,1,2,2,2,2,2
160,1,1,1,2,2,1
9196,1,1,1,1,1,1
1101,1,1,1,1,1,2
4162,1,1,1,1,1,1
3482,1,1,1,1,1,1
109,1,1,2,2,2,1
10079,1,1,1,1,2,2
9035,1,1,1,1,1,1
9190,1,1,1,1,1,1
6125,1,1,1,1,1,1
9206,0,0,0,0,0,1
5369,1,1,1,1,1,1
1445,1,1,1,1,1,1
941,1,1,1,2,2,1
6596,1,1,1,1,1,2
8811,1,1,0,0,1,1
3406,0,0,0,0,0,0
2099,1,1,1,1,1,1
4603,0,0,0,0,0,0
2935,1,1,1,1,1,2
435,1,1,1,1,1,1
121,0,0,0,0,0,0
6633,1,1,1,1,1,1
4366,1,1,1,1,1,2
1003,1,1,1,1,1,1
1040,1,1,1,1,1,2
6149,1,2,2,2,2,0
112,1,1,1,2,2,2
9992,1,1,1,1,1,1
5868,1,1,1,2,2,2
1484,1,1,1,1,1,1
5100,1,1,1,1,1,2
7307,1,1,1,1,1,2
7051,1,1,1,1,1,1
1909,1,1,1,1,1,1
5005,1,1,1,1,1,1
4651,1,1,1,1,1,1
4954,1,1,1,1,1,1
8728,1,1,2,2,1,2
942,1,1,1,1,1,2
2559,1,1,2,1,1,2
1703,1,1,1,1,1,1
2550,1,1,1,1,1,0
9861,1,1,1,1,1,1
3597,1,1,2,2,2,1
3984,0,0,0,0,0,0
8094,1,2,2,2,2,1
6016,2,2,2,2,2,2
5983,0,0,0,0,0,2
348,1,1,2,2,2,1
3562,0,0,0,0,0,0
7059,1,1,1,1,1,2
3202,1,1,1,2,2,1
4871,0,0,0,0,0,0
8941,1,1,1,1,1,1
417,1,1,1,2,2,1
2822,1,1,1,1,1,2
6857,1,2,2,2,1,2
3821,1,1,2,1,1,1
3737,1,1,1,1,1,1
3073,1,1,1,1,1,1
5934,0,0,0,0,0,1
2583,1,1,1,1,1,1
647,1,2,2,2,2,2
4659,1,1,1,1,1,1
5451,1,1,1,1,1,2
7146,1,1,1,1,1,2
4775,1,1,1,1,1,2
4026,1,1,1,1,2,1
2191,1,1,1,1,1,2
9125,1,1,1,2,2,2
590,1,1,2,2,2,1
8181,1,1,1,1,1,1
2529,1,1,2,1,1,2
593,1,1,0,0,0,1
8945,1,1,1,1,1,1
2808,1,1,1,1,1,1
1769,1,1,1,1,1,1
3374,1,1,1,1,1,1
6592,1,1,1,1,1,2
5668,1,1,2,2,2,2
2679,1,1,1,1,1,1
5077,1,1,1,1,1,1
9653,1,1,1,1,1,2
8982,1,1,1,1,1,2
7387,1,1,1,2,2,2
21,1,1,1,1,1,1
1107,1,1,1,1,1,2
10148,0,0,0,0,0,0
3247,1,1,1,1,1,1
6623,1,1,1,1,1,1
3744,1,1,1,1,1,1
4831,1,1,1,1,1,1
7537,1,1,1,1,2,2
338,1,1,1,1,1,1
9566,1,1,1,1,1,2
2664,1,1,2,2,1,1
3630,1,1,2,1,1,2
5410,1,1,1,1,1,1
8340,0,0,0,0,0,2
3421,1,1,1,1,1,1
2654,1,1,1,1,1,1
1726,1,1,1,1,1,2
5132,1,1,1,1,1,0
9640,1,1,1,2,2,1
5599,1,1,1,2,2,1
4179,1,1,1,1,1,2
8115,1,1,1,1,1,1
5227,1,1,1,1,1,1
2895,1,1,1,1,1,1
6816,1,1,1,2,1,2
9543,1,1,1,1,1,1
4081,1,1,1,1,1,1
6832,1,1,1,1,1,1
2181,0,0,0,0,0,0
1601,1,1,1,1,1,1
10315,1,1,1,1,2,1
3266,1,1,2,2,2,1
9179,1,1,1,0,1,1
7024,1,1,1,2,2,1
989,1,1,1,1,1,2
5633,1,1,1,1,1,1
553,1,1,1,1,1,2
8997,1,1,1,1,2,1
165,0,0,0,0,0,0
7769,1,1,1,2,1,1
2877,1,1,1,1,1,2
4652,1,1,1,1,1,1
2218,1,1,1,1,1,1
7990,1,1,1,1,1,2
8323,1,1,1,1,1,1
2659,1,1,1,1,2,1
3832,1,1,2,2,2,1
757,1,1,1,0,0,0
5594,1,1,1,1,1,2
5583,1,1,1,1,1,1
3531,1,1,2,2,2,1
5009,1,1,1,1,1,1
9876,1,1,1,1,1,1
5241,1,1,1,1,2,1
8902,1,1,1,1,1,1
5631,1,1,1,1,1,1
8576,1,1,1,1,1,1
10035,1,2,2,2,2,2
289,1,1,1,1,1,2
2655,1,1,1,1,1,2
5603,1,1,1,1,1,1
7806,1,1,2,2,2,1
1749,1,1,1,1,1,1
5232,1,1,1,2,2,1
10046,0,0,0,0,0,1
3152,1,1,1,1,1,1
7504,0,0,0,0,0,0
1995,1,1,2,2,1,1
1060,1,1,1,1,1,1
4046,1,1,1,2,1,1
3433,1,1,1,1,1,2
9874,1,2,2,2,2,2
6449,1,1,1,1,1,1
5757,1,1,1,1,1,1
2221,1,1,1,1,1,2
4245,1,1,2,2,2,1
3659,1,1,1,1,1,1
10113,1,1,1,1,1,1
2094,1,1,1,1,0,2
7448,1,1,1,1,1,2
10122,1,1,1,1,1,2
10227,0,0,0,0,0,0
5914,1,1,1,2,1,0
6238,1,1,1,1,1,1
320,1,1,1,1,1,2
1923,1,1,1,1,1,2
2827,1,1,1,1,2,1
5761,1,1,1,1,1,1
6147,1,1,2,2,1,2
5426,1,1,1,2,2,1
1254,1,1,1,1,1,1
4135,1,1,1,1,2,2
265,2,2,2,2,2,2
7522,1,1,1,1,1,2
1196,1,1,1,2,2,1
8203,1,1,1,1,1,2
1401,0,0,0,0,0,1
2754,1,1,1,1,1,2
7787,1,1,1,2,2,1
9807,1,1,1,1,1,0
2027,1,1,0,0,0,1
471,1,1,1,1,1,1
4666,1,1,1,1,1,0
9009,1,1,1,1,1,1
9544,1,1,1,1,1,1
1705,1,1,1,1,1,1
2409,1,1,1,1,1,1
9979,1,1,1,1,1,1
8922,1,2,2,2,1,1
9133,1,1,1,1,1,1
2516,1,1,2,1,1,2
5762,1,1,1,2,2,0
6483,1,1,1,1,1,1
636,1,1,1,1,1,2
820,1,1,1,1,2,1
9782,1,1,2,2,2,1
4685,1,1,1,1,1,2
1447,1,1,1,1,1,1
9622,1,2,2,1,2,2
1514,1,1,1,1,1,1
1737,1,1,1,2,2,1
5674,1,1,1,1,1,1
8684,1,1,1,1,1,1
6669,1,1,2,2,2,1
1887,0,0,0,0,0,0
76,1,1,1,2,2,2
1983,1,1,1,1,1,2
4221,1,1,1,1,1,1
8438,1,1,1,1,1,1
373,0,0,0,0,0,0
5237,1,1,2,2,2,1
10064,1,1,1,1,1,1
7241,1,1,1,1,1,2
9469,1,1,1,2,2,1
6124,1,1,2,2,2,1
2171,0,0,0,0,0,0
2663,1,2,2,2,2,1
8372,1,1,1,1,1,1
7220,1,1,1,2,2,2
4496,1,1,1,2,1,1
9910,1,1,1,1,1,1
6672,1,1,1,1,1,2
3552,1,1,1,2,2,1
2658,1,2,2,2,2,2
26,1,1,1,1,1,2
8566,1,1,1,1,1,1
4542,1,1,1,2,2,1
8311,1,1,1,2,2,2
1310,1,1,1,2,2,1
3313,1,1,1,1,1,1
3991,1,2,2,2,2,1
2204,0,0,0,0,0,0
7947,0,0,0,0,0,0
10161,1,1,1,1,1,1
2412,1,1,1,1,1,2
3815,1,1,1,0,0,1
3468,0,0,0,0,1,0
6927,1,1,1,1,1,1
4283,0,0,0,0,0,1
6045,1,1,1,2,1,1
4787,1,1,1,1,1,2
2852,1,1,1,1,1,1
9589,1,1,1,1,1,1
1745,1,1,1,1,1,2
5121,1,1,1,1,1,1
9023,1,1,2,2,2,1
5122,1,1,1,1,1,2
1135,0,0,0,0,0,0
3910,0,0,0,0,0,0
2879,1,1,1,1,1,2
497,1,1,1,1,1,1
155,1,1,1,1,1,1
5096,1,2,2,2,2,1
6793,1,1,1,1,1,0
4992,1,1,1,1,1,1
7421,1,1,1,1,1,1
10249,1,1,1,1,1,1
2306,1,1,1,1,1,1
7323,0,0,0,0,1,1
6542,1,1,1,1,1,1
4870,1,1,1,1,1,1
6973,1,1,1,1,1,1
7577,0,0,0,1,1,0
6407,1,1,1,1,1,2
9519,1,1,1,2,1,1
6131,1,1,2,2,2,2
3521,1,1,1,1,1,2
5555,1,1,1,2,2,2
9452,1,1,1,1,1,1
500,0,0,0,0,0,0
8629,1,1,1,1,1,2
4010,0,0,0,0,0,0
8995,1,1,1,1,1,1
5119,1,1,2,2,2,1
6776,0,0,0,0,0,0
8282,1,1,2,2,2,2
8807,1,1,1,1,1,1
3523,1,1,1,2,2,1
1386,1,1,1,1,1,1
6438,0,0,0,0,0,0
8788,1,1,1,1,1,2
1741,1,1,1,1,0,0
143,0,0,0,0,0,1
5548,1,1,1,1,1,1
7005,1,1,1,1,1,0
2384,0,0,0,0,0,1
5303,1,1,1,1,1,1
1220,0,0,0,0,0,0
4691,1,1,1,1,1,1
8127,1,1,1,1,1,1
4326,0,0,0,0,1,2
5182,1,1,2,2,2,1
3380,1,1,1,1,1,2
547,1,1,1,1,2,1
5176,1,1,1,1,1,1
8661,1,1,1,1,1,1
2855,1,1,1,1,1,2
874,1,1,1,1,1,1
6412,1,1,1,1,1,2
4214,1,1,1,1,1,2
9459,1,2,2,2,2,1
1435,0,0,0,0,0,0
5993,1,1,1,1,1,1
10169,1,2,2,2,2,1
8048,1,1,2,2,2,1
8366,1,1,1,1,1,1
4166,1,1,2,2,2,2
9985,1,1,1,1,1,1
4599,1,1,2,2,2,1
1290,1,1,1,1,1,1
2730,1,1,1,1,2,1
4036,1,1,1,1,1,1
2708,0,0,0,0,0,2
5377,1,1,1,1,2,2
4846,1,1,1,1,1,2
9553,1,1,1,1,1,0
8441,1,1,1,1,1,1
3725,1,1,1,1,2,1
2535,0,0,0,0,0,2
3281,1,1,1,1,2,1
6107,1,1,1,1,2,2
4579,1,1,1,2,1,2
5663,1,1,0,1,1,0
6486,1,1,2,2,1,2
2894,1,1,1,1,1,1
6771,1,2,2,2,2,1
4922,1,1,1,1,1,2
775,1,1,1,2,2,1
9160,1,1,1,1,1,2
1131,1,1,1,1,2,2
7250,1,1,1,1,1,2
1597,1,1,1,1,2,2
5433,1,1,2,2,2,1
5008,1,1,1,1,1,0
8330,1,1,2,2,1,2
8439,1,1,1,1,1,1
527,1,2,2,2,2,1
1355,1,1,1,1,1,1
7221,1,1,1,1,1,1
9482,1,1,1,1,1,0
3743,1,1,1,1,2,1
6377,1,1,1,1,2,1
2684,1,1,1,1,1,1
8560,1,1,1,2,2,2
2127,1,1,1,1,1,1
7289,1,1,1,1,1,2
2162,1,1,1,1,1,1
1706,1,1,1,1,1,1
78,1,1,1,1,1,1
8588,2,2,2,2,2,2
669,0,0,0,0,0,0
5384,1,1,1,2,1,1
7178,1,1,1,1,1,1
9448,1,1,1,1,2,2
2100,1,1,1,1,1,1
6001,1,1,1,1,1,1
6277,1,1,1,1,1,1
5030,1,1,1,1,1,2
1163,1,1,1,1,1,1
5966,1,1,1,1,1,1
4953,0,0,0,0,0,0
5537,1,1,2,2,1,1
7583,1,2,2,2,2,1
5724,1,1,1,1,1,2
5546,1,1,1,1,1,1
4709,1,1,1,1,1,2
10175,1,1,1,1,1,2
6165,1,1,2,2,2,2
7296,1,2,2,2,2,1
10241,1,1,2,2,2,1
5476,1,1,1,1,1,1
4920,1,1,1,1,1,1
7561,1,1,1,1,2,1
8112,1,1,1,1,1,1
718,0,0,0,1,0,0
3341,1,1,1,1,2,0
8803,1,1,1,1,1,1
4943,1,1,1,1,1,1
9240,1,1,1,2,2,2
4613,1,1,1,1,1,2
3488,1,1,1,1,2,1
5214,1,1,1,1,1,1
9483,0,0,0,0,0,0
1621,1,1,1,1,1,2
5459,1,1,2,1,1,2
356,1,1,1,1,1,0
3727,1,1,1,1,1,1
3849,1,1,1,1,1,1
5887,1,1,1,2,2,1
1758,1,1,1,1,2,2
6392,1,1,1,1,1,1
7277,1,1,2,2,2,1
6679,1,1,2,2,2,2
3604,1,1,0,0,1,0
122,1,1,1,1,1,1
9293,1,1,1,1,2,1
7672,1,2,2,2,2,2
1564,1,1,1,1,1,1
3898,1,1,1,1,1,1
812,1,1,1,2,2,1
3856,1,1,1,2,2,2
4867,1,1,1,1,1,2
4760,1,1,1,1,1,1
7896,1,1,2,2,1,1
2500,1,1,1,2,2,2
9253,1,1,0,0,2,1
9331,0,0,0,0,0,0
8671,1,1,1,1,2,2
7389,1,1,1,1,1,1
9453,1,1,1,2,2,1
670,1,1,1,1,1,1
882,1,1,1,1,1,1
3641,1,1,1,1,1,2
7944,1,2,2,1,2,1
6021,1,1,1,1,1,1
2378,0,0,0,0,0,0
9820,1,1,1,1,2,1
7753,1,1,2,2,2,1
6004,1,1,1,1,1,0
5131,1,1,2,2,2,2
5628,1,1,1,1,1,1
1198,0,0,0,0,0,1
274,1,1,1,1,1,1
4682,1,1,1,1,1,1
6096,0,0,0,1,2,0
1070,1,1,1,1,1,1
137,1,1,1,1,1,2
6645,1,2,2,2,2,2
2755,1,2,2,1,1,1
69,1,1,1,1,1,2
1947,1,1,1,1,1,1
9661,1,1,1,1,1,2
2511,1,1,1,1,1,1
10294,1,1,1,2,1,2
7383,0,0,0,0,0,2
6597,1,1,1,1,1,2
10329,1,1,1,1,1,1
3822,1,1,1,1,1,1
1926,1,1,1,1,1,1
256,1,1,1,1,1,1
3525,1,1,1,1,1,1
8762,0,0,0,0,0,0
10027,1,1,1,1,2,2
2325,1,1,1,1,1,1
2343,1,1,1,1,2,2
5449,1,1,2,2,2,2
0,1,1,1,1,0,1
7089,1,1,1,1,1,1
8029,0,0,0,0,0,0
6610,1,1,1,1,1,2
4885,1,1,1,1,1,1
6314,0,0,0,0,0,0
6447,1,1,1,1,2,1
1183,1,1,2,1,1,2
9584,1,2,2,1,2,2
5309,1,1,1,1,1,0
5087,1,1,1,1,1,2
6800,1,1,1,1,1,1
7049,1,1,2,1,0,2
3144,1,1,1,1,1,1
6397,0,0,0,0,0,0
3640,1,1,1,1,2,1
1927,1,1,1,1,2,1
10261,0,0,0,0,0,1
10057,1,2,2,1,1,1
9579,1,1,1,1,1,1
2914,1,1,1,1,2,2
2132,1,1,1,2,2,1
3749,1,1,1,1,1,1
4234,1,1,1,1,2,1
6310,1,1,1,1,1,1
8369,1,1,1,1,2,1
7754,1,1,1,1,1,0
7464,1,1,1,1,2,1
7050,1,1,1,1,1,2
3621,0,0,0,0,0,0
300,1,1,1,1,1,1
8830,0,0,0,0,0,0
2717,0,0,0,0,0,1
3591,1,1,1,1,1,2
191,1,2,2,1,1,2
1873,1,1,2,2,2,1
3818,1,1,1,1,1,2
6891,1,1,1,1,1,1
6476,1,1,1,2,2,1
371,1,1,2,2,2,2
4725,1,1,1,1,1,1
5187,1,1,1,1,1,1
1642,1,1,1,1,1,2
5526,1,1,1,1,1,2
4800,0,0,0,0,0,0
788,0,0,0,0,2,1
9198,1,1,1,1,1,2
4899,1,1,1,2,1,2
9143,1,1,1,1,1,1
4919,1,1,1,1,1,1
4796,1,1,0,2,1,1
4042,0,0,0,0,0,0
2105,1,1,1,1,1,1
8264,1,1,1,1,1,1
5413,1,1,1,2,2,1
4823,1,1,1,1,1,1
10073,1,1,1,1,1,2
6992,1,1,2,2,2,2
8455,0,0,0,0,0,0
1378,1,1,1,1,1,2
96,1,1,1,1,1,1
8781,0,0,0,0,0,0
6696,1,1,1,1,1,2
2744,1,1,1,1,1,2
1111,0,0,0,0,0,0
10336,0,0,0,0,0,0
6856,1,1,2,2,2,1
5381,1,1,1,1,1,1
6808,1,1,1,1,1,1
1438,1,1,1,1,1,2
5999,1,1,2,2,1,2
6646,1,1,1,1,2,2
4091,1,1,1,1,1,2
5446,1,1,1,2,1,1
1551,1,1,1,1,1,2
5786,1,1,1,1,1,1
9711,0,0,0,1,1,0
3507,0,0,0,0,0,1
4241,1,1,1,1,1,2
9352,1,1,1,2,2,2
2357,1,2,2,2,2,2
8142,1,1,1,1,1,1
3602,1,1,2,1,1,1
7644,1,1,0,0,0,2
3440,1,2,2,2,2,2
9359,1,1,1,1,1,2
4067,1,1,1,1,1,1
1687,0,0,0,0,0,0
3164,1,1,1,1,1,1
6571,0,0,0,0,0,2
7214,0,0,0,0,0,0
7208,1,1,1,1,1,1
4252,1,1,1,1,1,1
8730,1,1,1,1,2,2
7311,1,1,2,1,1,2
2741,1,1,1,1,1,1
8297,1,1,2,2,2,1
150,1,1,1,1,1,2
2523,0,0,0,0,0,0
4401,1,1,1,1,1,2
8228,1,1,1,1,1,2
4623,1,1,1,1,1,1
9347,1,1,1,1,1,1
9245,1,1,1,1,1,1
9301,1,1,1,1,1,1
3776,1,1,1,1,1,1
2237,0,0,0,0,0,0
3861,1,1,1,1,1,2
7102,1,1,1,1,1,1
2414,0,0,0,0,1,1
9839,1,1,1,1,1,1
7273,1,1,1,1,2,1
3147,1,1,1,1,2,1
686,1,1,1,1,1,1
6368,0,0,0,0,0,0
1975,1,1,1,2,2,1
5395,0,0,0,0,0,0
1063,1,2,2,1,1,2
1645,1,1,1,1,1,2
2225,1,1,1,1,1,2
7300,1,1,1,1,1,2
451,1,1,1,1,1,1
9925,1,1,1,1,1,2
2584,1,1,1,1,1,0
4661,1,1,1,1,1,2
5196,1,1,1,1,2,1
512,1,1,1,1,2,2
6975,1,1,1,1,1,1
9851,1,1,1,1,1,2
5043,1,1,1,1,1,1
5794,1,1,1,1,1,1
8460,1,1,1,1,1,1
3253,1,1,1,1,1,2
10215,1,1,1,1,2,1
811,1,1,1,1,1,1
8208,0,0,0,0,0,2
73,1,1,2,0,1,1
5280,0,0,0,0,0,0
3884,1,1,1,2,2,1
6760,1,1,1,1,1,1
9226,1,1,1,1,1,1
2957,1,1,1,1,2,1
4441,1,1,1,1,2,2
9868,1,1,1,2,1,1
5604,1,1,1,1,1,2
7830,0,0,0,0,0,0
2952,1,1,2,1,1,2
10273,1,1,1,2,1,1
7911,1,1,1,1,1,1
385,1,1,1,1,1,1
4024,1,1,2,1,2,1
6789,1,1,1,1,1,1
5062,1,2,2,2,2,2
8816,0,0,0,0,0,0
9078,0,0,0,0,0,0
5533,1,1,1,1,2,1
8395,1,1,1,2,2,2
6943,1,1,1,1,2,2
602,1,1,1,1,1,1
7125,0,0,0,0,0,2
2467,0,0,0,0,0,1
5638,1,1,2,2,1,2
7088,1,1,1,1,1,1
1116,1,1,1,1,1,1
629,1,1,1,1,1,1
8800,1,1,1,1,1,1
9066,1,1,1,1,1,1
738,1,1,1,1,1,2
2991,1,1,1,1,2,0
9964,1,1,1,2,2,1
6350,1,1,1,1,1,1
7887,1,1,1,1,1,1
5942,0,0,0,0,1,0
7197,1,1,1,1,2,1
402,1,1,1,2,2,1
5964,1,1,1,2,2,2
6545,1,2,2,2,2,1
1751,1,1,1,1,1,1
7280,1,1,1,1,1,1
7388,1,1,1,1,1,1
4753,1,1,1,1,1,2
7935,1,1,1,1,2,1
8420,0,0,0,0,0,0
9715,1,1,1,1,1,2
2373,1,1,1,1,1,1
3109,1,1,1,1,1,1
4197,1,1,1,1,1,1
622,0,0,0,0,0,0
10226,1,1,2,1,1,1
3895,1,1,1,1,2,1
9818,1,1,2,2,2,1
8465,0,0,0,0,0,1
4127,1,1,1,1,2,1
4644,1,1,1,1,1,1
6423,1,2,2,2,2,1
7003,1,2,2,2,2,2
8805,1,1,1,1,1,1
6595,1,1,1,1,1,1
8407,1,1,1,1,1,1
5022,1,1,2,2,2,1
8257,0,0,0,0,0,0
8482,1,1,1,1,1,1
7530,1,1,1,1,1,1
1958,1,1,1,1,1,1
9930,1,1,1,1,1,2
9634,1,1,1,1,1,1
4141,1,1,1,1,1,1
3971,1,2,2,1,1,1
8012,1,1,1,1,1,1
5860,1,1,1,1,1,1
8958,0,0,0,0,0,0
7481,1,1,1,1,0,1
6240,1,1,2,2,2,1
4866,2,2,2,1,1,2
2234,1,1,1,1,1,1
346,1,1,1,1,1,2
1051,0,0,0,0,0,0
6986,0,0,0,0,1,0
6611,0,0,0,0,1,0
3730,1,1,2,2,2,2
3368,0,0,0,0,0,0
101,1,1,1,1,1,2
4935,1,1,1,1,1,1
8627,1,1,1,1,1,2
9690,1,2,2,2,1,2
2873,1,1,1,2,2,1
830,1,1,1,1,2,1
7242,0,0,0,1,1,0
6882,1,1,1,2,1,2
5658,1,1,1,1,1,1
9474,0,0,0,0,0,0
9623,1,1,1,2,2,0
8156,1,1,1,1,1,1
6432,1,1,1,1,1,1
3780,0,0,0,0,0,0
6450,1,1,1,1,1,1
9269,0,0,0,0,0,0
3000,1,1,1,1,1,1
7165,0,0,0,0,0,0
38,1,1,1,1,1,1
2514,1,1,1,1,1,1
3003,1,1,1,1,1,2
7503,0,0,0,0,0,0
4108,1,1,1,1,1,1
7892,1,1,1,1,1,1
8161,1,1,0,0,0,1
2091,1,1,1,1,1,1
983,1,1,1,1,1,1
7420,1,1,1,1,1,1
3320,1,1,1,1,1,2
2734,1,1,1,1,1,2
7654,1,1,1,1,1,2
8290,1,2,1,1,1,1
2994,1,1,1,1,1,1
7198,1,1,1,1,1,1
1762,1,1,1,1,1,2
4192,1,1,1,1,1,1
3228,1,1,1,1,1,2
1185,0,0,0,0,1,2
2693,1,1,1,1,1,1
1048,1,1,1,1,1,1
7153,1,1,1,1,2,2
7818,1,1,1,0,0,2
637,1,1,1,1,1,2
3683,1,1,1,1,1,1
7832,1,1,0,0,1,1
10003,1,1,1,1,1,1
6443,1,1,1,1,1,1
9773,1,1,1,1,1,1
2261,0,0,0,0,0,0
6361,0,0,0,1,1,0
9660,1,1,1,1,1,1
9727,1,2,2,2,2,2
7133,1,1,1,1,1,2
9511,1,2,2,2,2,2
466,1,1,1,2,1,2
8480,1,1,1,1,2,1
1562,2,2,2,2,2,2
7019,1,1,1,1,1,2
4351,1,1,1,1,1,1
10026,0,0,0,0,0,0
5907,1,1,1,1,1,2
5494,0,0,0,0,0,1
8988,1,1,1,1,1,1
646,1,1,2,2,2,1
6015,1,1,1,2,2,2
306,1,1,1,1,1,1
7694,1,1,1,1,1,1
2109,1,1,1,1,1,2
2315,1,1,1,1,0,1
5584,1,1,2,2,2,1
2333,1,1,1,1,1,1
8930,1,1,1,1,1,1
539,0,0,0,0,1,0
2016,1,1,1,1,1,1
7369,1,1,1,1,1,1
8474,1,1,1,1,1,2
6965,1,1,1,1,1,1
5406,1,1,1,1,1,2
9304,1,1,1,1,1,1
5154,1,1,1,1,1,1
3381,1,1,1,1,1,1
3834,1,1,1,1,1,0
7372,1,1,0,0,0,1
4159,1,1,1,2,2,1
5253,1,1,1,1,1,2
9472,1,1,1,1,1,1
1080,1,1,1,1,1,1
4428,1,1,1,1,1,2
1637,1,1,1,1,1,1
1251,1,1,1,1,1,2
5105,1,1,1,2,1,2
6445,1,1,1,1,1,2
7745,1,1,1,1,1,1
823,1,1,2,2,2,2
5673,1,1,1,1,1,1
6697,1,1,1,1,1,0
975,1,1,1,1,1,1
10130,0,0,0,0,0,0
7196,1,1,1,1,1,1
237,1,1,1,1,1,1
7315,0,0,0,0,1,0
1639,1,2,2,2,2,2
2778,1,1,1,1,1,1
3978,1,1,1,1,1,1
2870,1,1,1,1,1,2
5352,1,1,1,2,1,2
196,0,0,0,0,0,0
5758,0,0,0,0,0,0
8083,1,1,2,2,2,2
5444,1,1,1,1,1,0
1968,1,1,1,1,1,0
7303,1,1,1,1,1,1
4551,0,0,0,0,0,1
6614,1,1,1,1,1,2
8681,1,1,1,1,1,1
6173,0,0,0,0,0,0
6024,1,1,1,1,1,1
4058,1,1,1,1,1,1
1969,1,1,1,1,1,1
7310,1,1,1,2,2,0
1472,1,1,1,1,1,1
4724,0,0,0,0,0,0
7460,1,1,1,1,1,1
4745,1,1,1,1,1,1
3997,1,1,1,1,2,1
9730,1,1,1,1,1,1
6151,1,1,1,1,1,1
7912,1,1,1,1,1,0
1882,1,1,1,1,1,1
1795,1,1,1,1,1,1
5349,1,1,1,1,2,1
2685,1,1,1,1,1,2
5545,1,1,1,2,1,2
6315,1,1,0,1,1,1
8525,1,1,1,1,1,0
721,1,1,1,1,1,1
3201,1,1,1,1,1,1
594,1,1,1,1,1,1
7932,0,0,0,0,0,1
4471,1,1,2,2,1,2
2958,1,1,2,1,1,2
9734,1,1,1,1,1,2
3987,1,1,2,2,2,1
7649,1,1,1,1,1,2
9732,0,0,0,0,0,1
2728,1,1,1,2,2,2
9434,1,1,2,2,2,1
4785,1,1,2,2,1,2
4821,1,1,1,1,1,1
676,1,1,0,0,1,2
1347,1,1,1,1,2,1
1010,0,0,0,0,0,0
6677,1,1,1,1,1,1
7140,1,1,1,1,1,2
841,0,0,0,0,0,0
8925,1,1,2,2,2,1
8087,1,1,2,2,2,2
2320,1,1,1,2,2,1
5609,1,1,1,2,1,2
4864,1,1,1,1,1,1
6348,1,1,1,1,2,1
10247,1,1,1,1,1,1
1269,1,1,1,1,1,1
682,1,1,1,1,1,1
413,1,1,1,1,1,1
7128,1,1,1,1,1,1
1799,1,1,1,1,1,1
5086,1,1,1,1,2,1
7881,0,0,0,0,0,0
4368,1,2,2,1,1,1
1030,1,1,1,2,2,2
3282,1,1,1,1,1,2
10312,1,1,2,2,2,2
9860,0,0,0,0,0,0
2152,1,1,1,1,1,1
4093,0,0,0,0,0,0
7642,0,0,0,0,0,0
3598,0,0,0,0,0,2
10159,1,1,2,2,2,2
6926,0,0,0,0,0,1
4021,1,1,1,1,1,1
2250,1,1,1,1,1,1
9785,1,1,1,1,2,1
3056,1,1,1,1,1,1
2041,1,1,1,1,1,1
701,1,1,1,1,1,1
2046,0,0,0,0,0,0
5422,1,1,1,1,1,2
9848,1,1,1,1,1,2
3799,1,1,1,1,1,2
6605,0,0,0,0,0,0
3365,1,1,2,1,1,2
7592,1,1,1,1,1,1
5337,1,1,1,2,2,1
5215,1,1,1,1,0,1
4539,1,1,1,2,1,2
2900,0,0,0,0,0,0
4972,1,1,1,2,1,1
4250,1,1,2,2,2,2
3442,1,1,1,1,1,2
